consumer,position,model,shadow_eligible,reason,stack_policy,features,gate_folds,gate_mean,gate_positive_folds,gate_required_positive_folds,gate_ci95_low,gate_ci95_high,gate_robust,gate_sign_flip_p,feature_n,final_config,evidence_revalidation_match,final_cap
weekly_projection_residual,WR,histgb,False,hardened_evidence_rejected,not_applicable,,,,,,,,,,,,,
weekly_projection_residual,TE,histgb,False,hardened_evidence_rejected,not_applicable,,,,,,,,,,,,,
weekly_projection_residual,QB,histgb,True,revalidated,standalone_candidate_not_additive,qb_pass_attempt_share_prior4|qb_rush_share_prior4|inside_5_carry_share_prior4|snap_share_prior4|team_pass_attempts_prior4_team|team_plays_prior4_team|opportunity_change_score_prior1|pfr_passing_bad_throw_pct_prior4|pfr_times_pressured_pct_prior4|pfr_times_sacked_prior4|m7_qb_rush_goal_role|xfp_residual_prior4|opportunity_xfp_realized_prior4,4.0,0.014019243864182572,3.0,3.0,0.0005518647476741547,0.024931870454404207,True,0.17647058823529413,13.0,"[0.04, 7, 1.0]",True,
weekly_projection_residual,RB,histgb,True,revalidated,standalone_candidate_not_additive,offense_snap_share_prior4|carry_share_prior4|target_share_prior4|red_zone_carry_share_prior4|inside_5_carry_share_prior4|opportunity_change_score_prior1|backfield_competition_index_prior4|backfield_competitor_count|xfp_residual_prior4|opportunity_xfp_realized_prior4,4.0,0.02373522737601677,4.0,3.0,0.01776898260963914,0.029571313450025553,True,0.11764705882352941,10.0,"[0.04, 7, 1.0]",True,
weekly_projection_residual,RB,ridge_backfield_competitor_count,True,revalidated,alternate_to_rb_histgb_never_summed_without_new_stack_validation,backfield_competitor_count,4.0,0.014349599569566973,4.0,3.0,0.012076048128560413,0.01680986680823137,True,0.11764705882352941,1.0,,,1.0
pass_volume,QB,ridge_component_all_features,True,revalidated,,qb_pass_attempt_share_prior4|qb_rush_share_prior4|inside_5_carry_share_prior4|snap_share_prior4|team_pass_attempts_prior4_team|team_plays_prior4_team|opportunity_change_score_prior1|pfr_passing_bad_throw_pct_prior4|pfr_times_pressured_pct_prior4|pfr_times_sacked_prior4|m7_qb_rush_goal_role|xfp_residual_prior4|opportunity_xfp_realized_prior4,4.0,0.028025865420834815,4.0,3.0,0.020134104225721903,0.0347649620395809,True,0.11764705882352941,13.0,,,
rush_volume,QB,ridge_component_all_features,True,revalidated,,qb_pass_attempt_share_prior4|qb_rush_share_prior4|inside_5_carry_share_prior4|snap_share_prior4|team_pass_attempts_prior4_team|team_plays_prior4_team|opportunity_change_score_prior1|pfr_passing_bad_throw_pct_prior4|pfr_times_pressured_pct_prior4|pfr_times_sacked_prior4|m7_qb_rush_goal_role|xfp_residual_prior4|opportunity_xfp_realized_prior4,4.0,0.07089090642197975,4.0,3.0,0.05949612759838703,0.08265812942973584,True,0.11764705882352941,13.0,,,
carry_volume,RB,ridge_component_all_features,True,revalidated,,offense_snap_share_prior4|carry_share_prior4|target_share_prior4|red_zone_carry_share_prior4|inside_5_carry_share_prior4|opportunity_change_score_prior1|backfield_competition_index_prior4|backfield_competitor_count|xfp_residual_prior4|opportunity_xfp_realized_prior4,4.0,0.10900264181236012,4.0,3.0,0.09637200770855545,0.1268982403453208,True,0.11764705882352941,10.0,,,
target_volume,RB,ridge_component_all_features,True,revalidated,,offense_snap_share_prior4|carry_share_prior4|target_share_prior4|red_zone_carry_share_prior4|inside_5_carry_share_prior4|opportunity_change_score_prior1|backfield_competition_index_prior4|backfield_competitor_count|xfp_residual_prior4|opportunity_xfp_realized_prior4,4.0,0.09504488881539831,4.0,3.0,0.08776891498059641,0.10192647156620445,True,0.11764705882352941,10.0,,,
target_volume,TE,ridge_component_all_features,True,revalidated,,offense_snap_share_prior4|target_share_prior4|red_zone_target_share_prior4|opportunity_change_score_prior1|pfr_receiving_drop_pct_prior4|receiving_competition_index_prior4|receiving_competitor_count|xfp_residual_prior4|opportunity_xfp_realized_prior4,4.0,0.10591037390757727,4.0,3.0,0.09492058807281581,0.11559031382133782,True,0.11764705882352941,9.0,,,
target_volume,WR,ridge_component_all_features,True,revalidated,,offense_snap_share_prior4|target_share_prior4|red_zone_target_share_prior4|opportunity_change_score_prior1|pfr_receiving_drop_pct_prior4|receiving_competition_index_prior4|receiving_competitor_count|xfp_residual_prior4|opportunity_xfp_realized_prior4,4.0,0.1102350804020687,4.0,3.0,0.09851243565777142,0.12152211260112333,True,0.11764705882352941,9.0,,,
breakout,RB,ridge_multivariate_horizon,True,revalidated,,backfield_competition_index_prior4|backfield_competitor_count|carry_share_prior4|offense_snap_share_prior4|red_zone_carry_share_prior4,4.0,0.06558328784665916,4.0,3.0,0.044851966458634894,0.0972038624690744,True,0.11764705882352941,5.0,,,
ceiling,RB,ridge_multivariate_horizon,True,revalidated,,offense_snap_share_prior4,4.0,0.014757886694860379,4.0,3.0,0.007194097014185059,0.02038826063538128,True,0.11764705882352941,1.0,,,
floor,RB,ridge_multivariate_horizon,True,revalidated,,backfield_competition_index_prior4|backfield_competitor_count|carry_share_prior4|offense_snap_share_prior4,4.0,0.05049454483920463,4.0,3.0,0.04500978083798685,0.05761905856435736,True,0.11764705882352941,4.0,,,
next_3_games,RB,ridge_multivariate_horizon,True,revalidated,,backfield_competition_index_prior4|backfield_competitor_count|carry_share_prior4|offense_snap_share_prior4,4.0,0.040259714981024416,4.0,3.0,0.02768566007856356,0.053556008579548994,True,0.11764705882352941,4.0,,,
next_week,RB,ridge_multivariate_horizon,True,revalidated,,backfield_competition_index_prior4|carry_share_prior4|offense_snap_share_prior4,4.0,0.02584350418929923,4.0,3.0,0.02123825325302656,0.03137244422246599,True,0.11764705882352941,3.0,,,
rest_of_season,RB,ridge_multivariate_horizon,True,revalidated,,backfield_competition_index_prior4|backfield_competitor_count|carry_share_prior4|offense_snap_share_prior4|target_share_prior4,4.0,0.05891106432625105,4.0,3.0,0.03699919787591987,0.0766798199462781,True,0.11764705882352941,5.0,,,
breakout,WR,ridge_multivariate_horizon,True,revalidated,,offense_snap_share_prior4|target_share_prior4,4.0,0.07126592255802154,4.0,3.0,0.04625280093133515,0.09754580313404226,True,0.11764705882352941,2.0,,,
ceiling,WR,ridge_multivariate_horizon,True,revalidated,,target_share_prior4,4.0,0.016147213436111318,4.0,3.0,0.007027894068446039,0.025077648806931828,True,0.11764705882352941,1.0,,,
floor,WR,ridge_multivariate_horizon,True,revalidated,,offense_snap_share_prior4|target_share_prior4,4.0,0.06565503677054693,4.0,3.0,0.051754011696136436,0.07942095052099066,True,0.11764705882352941,2.0,,,
next_3_games,WR,ridge_multivariate_horizon,True,revalidated,,offense_snap_share_prior4|target_share_prior4,4.0,0.046301533569815936,4.0,3.0,0.03729328586404929,0.058567205178399175,True,0.11764705882352941,2.0,,,
next_week,WR,ridge_multivariate_horizon,True,revalidated,,offense_snap_share_prior4|target_share_prior4,4.0,0.028977788920624893,4.0,3.0,0.02371677368193001,0.0329676656487679,True,0.11764705882352941,2.0,,,
rest_of_season,WR,ridge_multivariate_horizon,True,revalidated,,offense_snap_share_prior4|target_share_prior4,4.0,0.05239883884518886,4.0,3.0,0.0334784691035795,0.07227740756942048,True,0.11764705882352941,2.0,,,
breakout,TE,ridge_multivariate_horizon,True,revalidated,,offense_snap_share_prior4|target_share_prior4,4.0,0.08156845204128833,4.0,3.0,0.060453109856452754,0.10178071825198348,True,0.11764705882352941,2.0,,,
ceiling,TE,ridge_multivariate_horizon,True,revalidated,,offense_snap_share_prior4|target_share_prior4,4.0,0.035446040610623314,4.0,3.0,0.024989675741137533,0.04305635499589672,True,0.11764705882352941,2.0,,,
floor,TE,ridge_multivariate_horizon,True,revalidated,,offense_snap_share_prior4|target_share_prior4,4.0,0.041387737256110356,4.0,3.0,0.03079842497465024,0.05402020251947286,True,0.11764705882352941,2.0,,,
next_3_games,TE,ridge_multivariate_horizon,True,revalidated,,offense_snap_share_prior4|target_share_prior4,4.0,0.0597572691615622,4.0,3.0,0.051059665937351645,0.0704803572846961,True,0.11764705882352941,2.0,,,
next_week,TE,ridge_multivariate_horizon,True,revalidated,,offense_snap_share_prior4|target_share_prior4,4.0,0.033001747806779363,4.0,3.0,0.02267803104216735,0.0412540925152683,True,0.11764705882352941,2.0,,,
rest_of_season,TE,ridge_multivariate_horizon,True,revalidated,,offense_snap_share_prior4|receiving_competition_index_prior4|target_share_prior4,4.0,0.0729989985390453,4.0,3.0,0.062078455075391725,0.08276250528350065,True,0.11764705882352941,3.0,,,
