position,test_season,canonical_player_id,full_name,actual_games,predicted_games,actual_ppg,v972_pred_ppg,m9_pred_ppg,ensemble_raw_ppg,ensemble_pred_ppg,actual_season_points,v972_pred_season_points,m9_pred_season_points,ensemble_pred_season_points,weight_v972,calibration_enabled,calibration_intercept,calibration_slope
QB,2022,00-0019596,Tom Brady,17.0,14.58919095281323,15.985882352941177,17.679452769055107,17.29730571004137,17.488379239548237,17.488379239548237,271.76,257.92891238898756,252.35369597298018,255.14130418098384,0.5,False,0.0,1.0
QB,2022,00-0023459,Aaron Rodgers,17.0,13.863267680994936,14.070588235294116,17.342548918716016,16.243117205623946,16.792833062169983,16.792833062169983,239.19999999999996,240.4243979309094,225.18268179533922,232.80353986312434,0.5,False,0.0,1.0
QB,2022,00-0026143,Matt Ryan,12.0,14.58919095281323,12.94,14.878887503682623,13.73106530186437,14.304976402773496,14.304976402773496,155.28,217.07093095665235,200.3251336744473,208.69803231554982,0.5,False,0.0,1.0
QB,2022,00-0026197,Chad Henne,3.0,5.152188419175447,0.0,4.716528852158509,4.000991329668389,4.358760090913449,4.358760090913449,0.0,24.300445330797935,20.61386119393885,22.457153262368394,0.5,False,0.0,1.0
QB,2022,00-0026300,Josh Johnson,1.0,5.152188419175447,0.7000000000000001,8.060512030235014,6.232489289341223,7.146500659788119,7.146500659788119,0.7000000000000001,41.52927673480121,32.11095913917886,36.82011793699004,0.5,False,0.0,1.0
QB,2022,00-0026498,Matthew Stafford,9.0,14.58919095281323,12.042222222222222,16.03134671952087,15.676120981263995,15.853733850392432,15.853733850392432,108.38,233.88437852184592,228.70192239506233,231.2931504584541,0.5,False,0.0,1.0
QB,2022,00-0026625,Brian Hoyer,1.0,5.878111690993737,1.48,9.632187402266402,4.010962249920245,6.8215748260933236,6.8215748260933236,1.48,56.619073379104734,23.576884093390735,40.09797873624774,0.5,False,0.0,1.0
QB,2022,00-0027688,Colt McCoy,4.0,7.32995823463032,8.2,8.313232553299756,10.001135146663096,9.157183849981426,9.157183849981426,32.8,60.93564741045638,73.30790292393387,67.12177516719512,0.5,False,0.0,1.0
QB,2022,00-0027948,Blaine Gabbert,1.0,6.604034962812028,5.16,2.7229671825584987,2.6470536232994064,2.6850104029289525,2.6850104029289525,5.16,17.98257047620609,17.48123467670754,17.731902576456815,0.5,False,0.0,1.0
QB,2022,00-0027973,Andy Dalton,14.0,8.05588150644861,12.445714285714288,9.241368947087706,9.290123036008204,9.265745991547956,9.265745991547956,174.24000000000004,74.44737319511232,74.8401303584107,74.64375177676152,0.5,False,0.0,1.0
QB,2022,00-0028118,Tyrod Taylor,2.0,6.604034962812028,5.66,11.510940328441752,12.943903781900357,12.227422055171054,12.227422055171054,11.32,76.0186523838723,85.48199313094479,80.75032275740854,0.5,False,0.0,1.0
QB,2022,00-0028986,Case Keenum,2.0,5.878111690993737,0.16,7.043421309175914,6.4745824720839895,6.759001890629952,6.759001890629952,0.32,41.402017142061354,38.058318923460035,39.730168032760695,0.5,False,0.0,1.0
QB,2022,00-0029263,Russell Wilson,15.0,12.411421137358357,14.977333333333334,13.811870436665291,12.191037848901836,13.001454142783563,13.001454142783563,224.66000000000003,171.4249406840826,151.30810484419598,161.3665227641393,0.5,False,0.0,1.0
QB,2022,00-0029604,Kirk Cousins,17.0,13.863267680994936,17.151764705882353,17.25388615328431,15.640717887990348,16.44730202063733,16.44730202063733,291.58,239.1952422803924,216.83145880413596,228.0133505422642,0.5,False,0.0,1.0
QB,2022,00-0029701,Ryan Tannehill,12.0,14.58919095281323,13.436666666666666,14.240426403396713,10.179477387665484,12.209951895531098,12.209951895531098,161.23999999999998,207.75630004863797,148.51033940849612,178.13331972856705,0.5,False,0.0,1.0
QB,2022,00-0030565,Geno Smith,17.0,5.152188419175447,17.875294117647062,9.090010032603375,11.81135869649032,10.450684364546849,10.450684364546849,303.88000000000005,46.83344442016774,60.85434549078463,53.84389495547619,0.5,False,0.0,1.0
QB,2022,00-0031237,Teddy Bridgewater,5.0,12.411421137358357,7.604,13.276422002653296,12.555719661700232,12.916070832176764,12.916070832176764,38.02,164.77926467222068,155.83432440397218,160.30679453809643,0.5,False,0.0,1.0
QB,2022,00-0031280,Derek Carr,15.0,14.58919095281323,14.605333333333334,15.84553914558386,13.68878406544038,14.76716160551212,14.76716160551212,219.08,231.1735963451999,199.70828464253668,215.4409404938683,0.5,False,0.0,1.0
QB,2022,00-0031345,Jimmy Garoppolo,11.0,13.137344409176649,14.98,13.925844892392355,13.39920000901203,13.662522450702193,13.662522450702193,164.78,182.94862054013188,176.0299053258339,179.4892629329829,0.5,False,0.0,1.0
QB,2022,00-0031503,Jameis Winston,3.0,7.32995823463032,14.64,14.519191574889271,17.51423020526671,16.01671089007799,16.01671089007799,43.92,106.42506784453478,128.3785759163058,117.4018218804203,0.5,False,0.0,1.0
QB,2022,00-0031800,Taylor Heinicke,9.0,13.863267680994936,12.884444444444442,14.915034958953685,13.142259716483458,14.02864733771857,14.02864733771857,115.95999999999998,206.77112210737224,182.1946643827668,194.4828932450695,0.5,False,0.0,1.0
QB,2022,00-0032156,Trevor Siemian,2.0,6.604034962812028,5.08,12.629657418392,12.952610672413677,12.791134045402838,12.791134045402838,10.16,83.40669915939907,85.53949374031212,84.4730964498556,0.5,False,0.0,1.0
QB,2022,00-0032268,Marcus Mariota,13.0,7.32995823463032,15.12,3.682660997415746,3.5947172884300738,3.63868914292291,3.63868914292291,196.56,26.993751303359453,26.349127589495996,26.671439446427723,0.5,False,0.0,1.0
QB,2022,00-0032434,Brandon Allen,1.0,5.878111690993737,0.88,4.759583529296672,4.014937993252396,4.3872607612745345,4.3872607612745345,0.88,27.977363587820005,23.600253956751843,25.788808772285925,0.5,False,0.0,1.0
QB,2022,00-0032950,Carson Wentz,8.0,14.58919095281323,14.1,15.720249016611112,13.881982796970338,14.801115906790724,14.801115906790724,112.8,229.3457147291139,202.52689782866855,215.9363062788912,0.5,False,0.0,1.0
QB,2022,00-0033077,Dak Prescott,12.0,13.863267680994936,16.55,18.02230970306964,19.26949280526792,18.64590125416878,18.64590125416878,198.60000000000002,249.8481036434468,267.1381368364352,258.493120239941,0.5,False,0.0,1.0
QB,2022,00-0033106,Jared Goff,17.0,12.411421137358357,16.636470588235294,10.470931639382698,12.36018778345536,11.415559711419029,11.415559711419029,282.82,129.95914227686882,153.4074959172964,141.6833190970826,0.5,False,0.0,1.0
QB,2022,00-0033119,Jacoby Brissett,14.0,9.507728050085191,12.044285714285715,6.825129746393214,7.162315460697762,6.993722603545488,6.993722603545488,168.62,64.89147753525359,68.09734760923496,66.49441257224427,0.5,False,0.0,1.0
QB,2022,00-0033275,PJ Walker,6.0,5.878111690993737,6.523333333333333,4.844869809626505,4.807565506144931,4.826217657885717,4.826217657885717,39.14,28.47868586930816,28.259407006888743,28.369046438098447,0.5,False,0.0,1.0
QB,2022,00-0033662,Cooper Rush,8.0,5.152188419175447,7.08,7.245030193035129,6.873817450030842,7.059423821532985,7.059423821532985,56.64,37.327760657132046,35.415202661575,36.37148165935353,0.5,False,0.0,1.0
QB,2022,00-0033869,Mitchell Trubisky,7.0,5.878111690993737,10.554285714285712,3.3001668208540607,3.706890241490356,3.5035285311722086,3.5035285311722086,73.87999999999998,19.39874917189189,21.78951486573506,20.594132018813475,0.5,False,0.0,1.0
QB,2022,00-0033873,Patrick Mahomes,17.0,14.58919095281323,24.458823529411763,18.64209874658419,19.315836876582893,18.97896781158354,18.97896781158354,415.79999999999995,271.9731383751169,281.8024326058593,276.8877854904881,0.5,False,0.0,1.0
QB,2022,00-0034177,Tim Boyle,1.0,5.152188419175447,-2.68,4.949689786942456,7.658739932815386,6.304214859878921,6.304214859878921,-2.68,25.50173439879591,39.45927118732797,32.48050279306194,0.5,False,0.0,1.0
QB,2022,00-0034401,Mike White,4.0,5.152188419175447,14.145,9.50733757563182,10.559928298759356,10.033632937195588,10.033632937195588,56.58,48.98359455436183,54.40674028819103,51.69516742127643,0.5,False,0.0,1.0
QB,2022,00-0034796,Lamar Jackson,12.0,10.959574593721774,19.673333333333336,20.901183562628383,22.039063780108663,21.470123671368523,21.470123671368523,236.08000000000004,229.06808035169718,241.53876347389266,235.3034219127949,0.5,False,0.0,1.0
QB,2022,00-0034855,Baker Mayfield,12.0,12.411421137358357,10.118333333333334,14.906398378617192,13.04445059712162,13.975424487869406,13.975424487869406,121.42000000000002,185.00958791825374,161.9001698663421,173.45487889229793,0.5,False,0.0,1.0
QB,2022,00-0034857,Josh Allen,16.0,14.58919095281323,24.72,22.173501786491663,22.03415688813679,22.103829337314224,22.103829337314224,395.52,323.4934516556722,321.46052232527256,322.4769869904723,0.5,False,0.0,1.0
QB,2022,00-0034869,Sam Darnold,6.0,10.959574593721774,14.386666666666668,12.223182133768496,12.87373869099768,12.548460412383088,12.548460412383088,86.32000000000001,133.9608763676831,141.09069948407117,137.52578792587715,0.5,False,0.0,1.0
QB,2022,00-0035228,Kyler Murray,11.0,12.411421137358357,18.22909090909091,20.03011856388632,19.24464657612057,19.637382570003446,19.637382570003446,200.52,248.60223692761267,238.85341329585395,243.72782511173332,0.5,False,0.0,1.0
QB,2022,00-0035289,Gardner Minshew,5.0,4.426265147357156,7.364,7.299697368770349,10.596329765967283,8.948013567368816,8.948013567368816,36.82,32.310396049642925,46.90216513300419,39.60628059132356,0.5,False,0.0,1.0
QB,2022,00-0035710,Daniel Jones,16.0,10.233651321903483,18.0625,15.43808936578372,14.05318198916166,14.74563567747269,14.74563567747269,289.0,157.98802364581667,143.81536444033443,150.90169404307557,0.5,False,0.0,1.0
QB,2022,00-0035993,Tyler Huntley,5.0,7.32995823463032,10.004,13.576073588049391,15.369307967825398,14.472690777937395,14.472690777937395,50.019999999999996,99.51205239066984,112.65638549933117,106.0842189450005,0.5,False,0.0,1.0
QB,2022,00-0036212,Tua Tagovailoa,13.0,11.685497865540064,17.763076923076923,11.072471776408292,13.102232954982467,12.08735236569538,12.08735236569538,230.92000000000002,129.3873453094717,153.10611522925632,141.246730269364,0.5,False,0.0,1.0
QB,2022,00-0036264,Jordan Love,4.0,6.604034962812028,2.95,5.740461350633893,5.8262285068364585,5.7833449287351755,5.7833449287351755,11.8,37.91020746225739,38.47661676048009,38.19341211136874,0.5,False,0.0,1.0
QB,2022,00-0036355,Justin Herbert,17.0,14.58919095281323,16.485882352941175,19.67520077401317,18.917089086768488,19.29614493039083,19.29614493039083,280.26,287.0452611270168,275.9850249582447,281.51514304263077,0.5,False,0.0,1.0
QB,2022,00-0036389,Jalen Hurts,15.0,13.137344409176649,25.20266666666667,18.67016814888608,17.713542505878888,18.191855327382484,18.191855327382484,378.04,245.27642914915648,232.70890860632093,238.9926688777387,0.5,False,0.0,1.0
QB,2022,00-0036442,Joe Burrow,16.0,13.863267680994936,21.91875,19.060060257840423,17.254003663650092,18.157031960745257,18.157031960745257,350.7,264.23471737033515,239.19687135804853,251.71579436419182,0.5,False,0.0,1.0
QB,2022,00-0036879,Sam Ehlinger,4.0,4.426265147357156,8.905000000000001,2.270942539128945,2.357518525783781,2.314230532456363,2.314230532456363,35.620000000000005,10.051793812597213,10.435002084925573,10.243397948761391,0.5,False,0.0,1.0
QB,2022,00-0036898,Davis Mills,15.0,11.685497865540064,12.101333333333336,12.42700759377999,11.47129595792894,11.949151775854464,11.949151775854464,181.52000000000004,145.21577071216623,134.04780443135698,139.6317875717616,0.5,False,0.0,1.0
QB,2022,00-0036945,Justin Fields,15.0,10.959574593721774,19.732000000000003,16.643423914212068,16.049926787586216,16.34667535089914,16.34667535089914,295.98,182.40484588273998,175.90036985232442,179.15260786753217,0.5,False,0.0,1.0
QB,2022,00-0036971,Trevor Lawrence,17.0,14.58919095281323,17.389411764705883,16.489018756570637,11.569202476109952,14.029110616340294,14.029110616340294,295.62,240.56144326412797,168.78530409572772,204.67337367992783,0.5,False,0.0,1.0
QB,2022,00-0036972,Mac Jones,14.0,14.58919095281323,12.14857142857143,16.22627856809144,12.85050888858466,14.53839372833805,14.53839372833805,170.08,236.72827648342687,187.4785280163853,212.10340224990608,0.5,False,0.0,1.0
QB,2022,00-0037012,Trey Lance,2.0,6.604034962812029,6.23,11.209373697872074,8.574820837041619,9.892097267456847,9.892097267456847,12.46,74.02709581197274,56.62841660767196,65.32775620982235,0.5,False,0.0,1.0
QB,2022,00-0037013,Zach Wilson,9.0,11.685497865540064,10.191111111111107,10.594670439926478,12.271845250449768,11.433257845188123,11.433257845188123,91.71999999999997,123.80399881186128,143.40262148036874,133.603310146115,0.5,False,0.0,1.0
QB,2023,00-0023459,Aaron Rodgers,1.0,14.528296648575283,0.0,15.26294263656817,12.864549016362592,13.943826145455102,13.943826145455102,0.0,221.74455835425013,186.8999843598531,202.58004265733177,0.45,False,0.0,1.0
QB,2023,00-0026158,Joe Flacco,5.0,5.491647322927805,20.168,8.0592824812122,9.73253676980702,8.97957233993935,8.97957233993935,100.84,44.25873706266794,53.44765949720714,49.3126444016645,0.45,False,0.0,1.0
QB,2023,00-0026498,Matthew Stafford,15.0,8.503863764810298,16.073333333333334,10.824791431561463,11.594325084497331,11.248034940676192,11.248034940676192,241.10000000000002,92.05255161648452,98.59656096348795,95.65175675733641,0.45,False,0.0,1.0
QB,2023,00-0027973,Andy Dalton,2.0,12.269134317163411,11.82,11.99928974289664,11.118411882604182,11.514806919735788,11.514806919735788,23.64,147.2208975661601,136.4132887812164,141.27671273444108,0.45,False,0.0,1.0
QB,2023,00-0029263,Russell Wilson,15.0,13.022188427634037,17.126666666666665,15.094055665567153,14.399423336906525,14.712007884803807,14.712007884803807,256.9,196.55763701421253,187.51200394246763,191.58253882475285,0.45,False,0.0,1.0
QB,2023,00-0029604,Kirk Cousins,8.0,14.528296648575283,18.7175,16.449881251363593,14.342443645175354,15.290790567960062,15.290790567960062,149.74,238.98875465364708,208.37127594258098,222.14914136256073,0.45,False,0.0,1.0
QB,2023,00-0029701,Ryan Tannehill,9.0,10.763026096222168,8.893333333333334,12.891107604444326,13.313065836221975,13.123184631922033,13.123184631922033,80.04,138.7473275558423,143.28887501598092,141.24517865891855,0.45,False,0.0,1.0
QB,2023,00-0030565,Geno Smith,15.0,14.528296648575283,15.097333333333331,17.32753341397443,15.959701662241358,16.57522595052124,16.57522595052124,226.45999999999998,251.73954562632093,231.8672801718025,240.8097996263358,0.45,False,0.0,1.0
QB,2023,00-0031237,Teddy Bridgewater,1.0,5.491647322927805,0.0,5.282662778733003,7.563871340337478,6.537327487615464,6.537327487615464,0.0,29.010520906759453,41.538113797134656,35.90069699646582,0.45,False,0.0,1.0
QB,2023,00-0031280,Derek Carr,17.0,13.022188427634037,14.183529411764706,14.672006758543862,12.70764137397524,13.591605797031121,13.591605797031121,241.12,191.06163662127824,165.48130044270385,176.99245172306235,0.45,False,0.0,1.0
QB,2023,00-0031345,Jimmy Garoppolo,7.0,10.009971985751545,9.157142857142857,12.867900929710324,13.22162320180449,13.062448179362116,13.062448179362116,64.1,128.8073278218266,132.3480778562256,130.75474034074605,0.45,False,0.0,1.0
QB,2023,00-0031503,Jameis Winston,6.0,3.985539101986558,2.0933333333333333,9.553942045292482,13.462195130208633,11.703481241996364,11.703481241996364,12.559999999999999,38.07760959962662,53.65410509001953,46.64468211934272,0.45,False,0.0,1.0
QB,2023,00-0031800,Taylor Heinicke,5.0,8.503863764810298,13.2,8.870589795975562,12.38325425494295,10.802555248407625,10.802555248407625,66.0,75.43428713849255,105.30550714904228,91.86345814429491,0.45,False,0.0,1.0
QB,2023,00-0032268,Marcus Mariota,2.0,11.516080206692791,5.880000000000001,15.998034081934811,15.8656284618816,15.925210990905546,15.925210990905546,11.760000000000002,184.23464363696615,182.7098498966165,183.39600707977385,0.45,False,0.0,1.0
QB,2023,00-0032436,Jeff Driskel,1.0,6.997755543869051,13.94,3.647710994421978,5.5873620148206005,4.714519055641221,4.714519055641221,13.94,25.525789833648485,39.098993514814204,32.99105185828964,0.45,False,0.0,1.0
QB,2023,00-0032950,Carson Wentz,1.0,7.750809654339674,26.12,12.340390497498648,12.865871798660296,12.629405213137556,12.629405213137556,26.12,95.6480178063341,99.72092334855277,97.88811585455439,0.45,False,0.0,1.0
QB,2023,00-0033077,Dak Prescott,17.0,10.763026096222168,20.167058823529413,15.33075766628792,17.022079045883846,16.26098442506568,16.26098442506568,342.84000000000003,165.00534483711493,183.20908098280438,175.01739971724413,0.45,False,0.0,1.0
QB,2023,00-0033106,Jared Goff,17.0,14.528296648575283,17.00588235294118,16.376023720315956,13.9550154635731,15.044469179107384,15.044469179107384,289.1,237.91573053285566,202.7426043902453,218.57051115441996,0.45,False,0.0,1.0
QB,2023,00-0033119,Jacoby Brissett,2.0,12.269134317163411,11.43,13.429626034393277,11.502541339891492,12.369729452417296,12.369729452417296,22.86,164.76988564524572,141.1262246878535,151.76587211868002,0.45,False,0.0,1.0
QB,2023,00-0033275,PJ Walker,5.0,6.244701433398428,3.992,5.954404014333214,7.815083108411792,6.977777516076433,6.977777516076433,19.96,37.18347528333998,48.80286068922696,43.57413725657783,0.45,False,0.0,1.0
QB,2023,00-0033319,Nick Mullens,5.0,4.7385932124571815,13.348,2.7441055796646427,4.485941412973118,3.702115287984305,3.702115287984305,66.74000000000001,13.003200074064756,21.257051530994996,17.54281837537639,0.45,False,0.0,1.0
QB,2023,00-0033537,Deshaun Watson,6.0,6.244701433398428,14.466666666666669,12.02681663905848,13.35426124507645,12.756911172368365,12.756911172368365,86.80000000000001,75.10387910514855,83.39337433910599,79.66310148382516,0.45,False,0.0,1.0
QB,2023,00-0033662,Cooper Rush,7.0,7.750809654339674,0.5371428571428573,7.860884474951545,7.996148811204896,7.935279859890889,7.935279859890889,3.7600000000000007,60.9282192801033,61.97662740342362,61.50484374792948,0.45,False,0.0,1.0
QB,2023,00-0033869,Mitchell Trubisky,5.0,6.997755543869051,9.736,9.816611322315122,10.48928423314049,10.186581423269075,10.186581423269075,48.68000000000001,68.69424630273834,73.40144689367709,71.28320662775465,0.45,False,0.0,1.0
QB,2023,00-0033873,Patrick Mahomes,16.0,14.528296648575283,17.51375,19.063519874932087,16.263439507235123,17.52347567269876,17.52347567269876,280.22,276.96047190902414,236.28007368727089,254.58625288705989,0.45,False,0.0,1.0
QB,2023,00-0033936,C.J. Beathard,6.0,4.7385932124571815,3.5766666666666667,3.315208315999651,2.4700217871416354,2.8503557251277423,2.8503557251277423,21.46,15.70942362407755,11.70442847517071,13.506676292178787,0.45,False,0.0,1.0
QB,2023,00-0033958,Nathan Peterman,1.0,3.985539101986558,0.0,3.53802407842433,4.367242126217519,3.9940940047105844,3.9940940047105844,0.0,14.100933308330125,17.40581426188284,15.918617832784118,0.45,False,0.0,1.0
QB,2023,00-0034401,Mike White,6.0,4.7385932124571815,0.4933333333333333,10.279926431314976,12.942860655061342,11.744540254375478,11.744540254375478,2.96,48.71238961198832,61.330951649852786,55.65259873281378,0.45,False,0.0,1.0
QB,2023,00-0034796,Lamar Jackson,16.0,10.763026096222168,20.70125,19.212484247675512,20.33201947692245,19.82822862376133,19.82822862376133,331.22,206.78446933098886,218.83405621901372,213.41174211940256,0.45,False,0.0,1.0
QB,2023,00-0034855,Baker Mayfield,17.0,10.763026096222168,16.121176470588235,12.122359843431829,10.982461260407296,11.495415622768338,11.495415622768338,274.06,130.47327534265244,118.20451714651273,123.72545833477562,0.45,False,0.0,1.0
QB,2023,00-0034857,Josh Allen,17.0,13.77524253810466,23.09647058823529,22.163374927195004,19.870930803297945,20.90253065905162,20.90253065905162,392.64,305.3058650850589,273.72689127332404,287.9374294886047,0.45,False,0.0,1.0
QB,2023,00-0034869,Sam Darnold,10.0,6.244701433398428,2.338,11.551220014832722,14.171069594119029,12.992137283440192,12.992137283440192,23.380000000000003,72.13392018412651,88.49409860718399,81.13201831680813,0.45,False,0.0,1.0
QB,2023,00-0034955,Brett Rypien,2.0,4.7385932124571815,2.39,5.534136269202848,6.539359203324908,6.0870088829699815,6.0870088829699815,4.78,26.224020562057724,30.98736313469481,28.843858977008125,0.45,False,0.0,1.0
QB,2023,00-0035228,Kyler Murray,8.0,10.009971985751545,18.295,16.23593691883586,16.45041525808361,16.353900005422123,16.353900005422123,146.36,162.52127371997622,164.6681958873967,163.70208091205748,0.45,False,0.0,1.0
QB,2023,00-0035264,Jarrett Stidham,2.0,3.985539101986558,13.32,11.461560916886691,12.729666110124398,12.159018773167432,12.159018773167432,26.64,45.680499204052815,50.73458203713392,48.46024476224743,0.45,False,0.0,1.0
QB,2023,00-0035289,Gardner Minshew,16.0,5.491647322927805,12.2625,7.670783797362534,7.720653345543663,7.698212048862155,7.698212048862155,196.2,42.12523930554394,42.399105276308454,42.27586558946442,0.45,False,0.0,1.0
QB,2023,00-0035710,Daniel Jones,6.0,13.77524253810466,9.493333333333334,19.08221874136423,17.85401794785856,18.40670830493611,18.40670830493611,56.96000000000001,262.8621913274585,245.94342751142528,253.55687122864023,0.45,False,0.0,1.0
QB,2023,00-0035993,Tyler Huntley,5.0,5.491647322927805,5.1240000000000006,9.599978569125325,11.02690435916068,10.38478775364477,10.38478775364477,25.620000000000005,52.71969660930139,60.55586980416569,57.02959186647676,0.45,False,0.0,1.0
QB,2023,00-0036212,Tua Tagovailoa,17.0,11.516080206692791,15.903529411764708,14.746589142233825,14.351462873771489,14.52926969457954,14.52926969457954,270.36,169.82290333710978,165.27259753772628,167.32023514744887,0.45,False,0.0,1.0
QB,2023,00-0036264,Jordan Love,17.0,4.7385932124571815,18.76823529411765,3.8651313389991055,4.228314468501228,4.0648820602252735,4.0648820602252735,319.06,18.3152851282367,20.036262240574416,19.261822540022447,0.45,False,0.0,1.0
QB,2023,00-0036355,Justin Herbert,13.0,14.528296648575283,17.858461538461537,15.937097114737565,15.473046009386312,15.681869006794376,15.681869006794376,232.15999999999997,231.53887460006058,224.79700248141833,227.83084493480735,0.45,False,0.0,1.0
QB,2023,00-0036389,Jalen Hurts,17.0,13.022188427634037,20.98941176470588,23.70329917562505,22.978237297971702,23.30451514291571,23.30451514291571,356.82,308.66882822157197,299.2269358290759,303.4757874056991,0.45,False,0.0,1.0
QB,2023,00-0036442,Joe Burrow,10.0,13.77524253810466,14.716,18.83879691541713,18.440331340344883,18.619640849127396,18.619640849127396,147.16,259.5089966359689,254.02003669626336,256.4900686691309,0.45,False,0.0,1.0
QB,2023,00-0036898,Davis Mills,5.0,13.022188427634037,3.5640000000000005,13.263897597566864,12.021899044018362,12.580798393115188,12.580798393115188,17.820000000000004,172.7249738003581,156.55143460920058,163.82952724522147,0.45,False,0.0,1.0
QB,2023,00-0036945,Justin Fields,13.0,13.022188427634037,17.706153846153846,20.710930721149808,21.145096903859358,20.94972212164006,20.94972212164006,230.18,269.7016423624873,275.35543620263763,272.81122897457,0.45,False,0.0,1.0
QB,2023,00-0036971,Trevor Lawrence,16.0,14.528296648575283,16.40875,18.06459062848113,14.079023297964191,15.872528596696815,15.872528596696815,262.54,262.4477314856469,204.5442269950265,230.6008040158057,0.45,False,0.0,1.0
QB,2023,00-0036972,Mac Jones,11.0,12.269134317163411,9.672727272727274,13.913056834532078,12.521115214301318,13.147488943405161,13.147488943405161,106.4,170.70116306520245,153.6232443649412,161.30830778005878,0.45,False,0.0,1.0
QB,2023,00-0037013,Zach Wilson,12.0,8.503863764810298,9.995,11.112576734675972,11.709760130723762,11.441027602502256,11.441027602502256,119.94,94.49983862768494,99.5782048702821,97.29294006111337,0.45,False,0.0,1.0
QB,2023,00-0037834,Brock Purdy,16.0,8.503863764810298,18.475,9.111905442599912,9.891301269870809,9.540573147598906,9.540573147598906,295.6,77.48640252170313,84.11427845567646,81.13173428538846,0.45,False,0.0,1.0
QB,2023,00-0038102,Kenny Pickett,12.0,11.516080206692791,9.183333333333334,12.299153234036094,6.692347600806338,9.21541013575973,9.21541013575973,110.2,141.6380351175647,77.06961174195386,106.12540226097875,0.45,False,0.0,1.0
QB,2023,00-0038108,Bailey Zappe,10.0,4.7385932124571815,6.917999999999999,7.174581693669021,10.371068907406649,8.932649661224717,8.932649661224717,69.17999999999999,33.99742411583957,49.144276730562865,42.32819305393738,0.45,False,0.0,1.0
QB,2023,00-0038122,Desmond Ridder,15.0,4.7385932124571815,11.782666666666668,8.795709904204669,11.931749723195948,10.520531804649874,10.520531804649874,176.74,41.67929125080665,56.539708251074174,49.852520600953795,0.45,False,0.0,1.0
QB,2023,00-0038128,Malik Willis,2.0,6.997755543869051,1.53,7.495841922312417,6.139607670154137,6.749913083625364,6.749913083625364,3.06,52.454069367827756,42.96347361100206,47.23424170157363,0.45,False,0.0,1.0
QB,2024,00-0026158,Joe Flacco,7.0,5.796932660181994,14.14857142857143,14.731038258173628,17.882000697134444,16.464067599602078,16.464067599602078,99.04,85.39483679719719,103.66075387061585,95.44109118757746,0.45,False,0.0,1.0
QB,2024,00-0026498,Matthew Stafford,16.0,12.654691461641344,13.41125,14.390955014899218,13.495841005257622,13.89864230959634,13.89864230959634,214.58,182.1130955519098,170.78570393690276,175.88303016365592,0.45,False,0.0,1.0
QB,2024,00-0028118,Tyrod Taylor,2.0,9.22581206091167,10.03,11.508596826759891,9.469350780088298,10.387011501090516,10.387011501090516,20.06,106.17615140849118,87.36245063594195,95.82861598358912,0.45,False,0.0,1.0
QB,2024,00-0029263,Russell Wilson,11.0,12.654691461641344,15.707272727272729,15.9822990101076,15.242576170154097,15.575451448133173,15.575451448133173,172.78000000000003,202.25106282060753,192.89009851386686,197.10253245190015,0.45,False,0.0,1.0
QB,2024,00-0029604,Kirk Cousins,14.0,7.854260300619799,12.594285714285714,13.269304833545856,13.706369127705791,13.509690195333821,13.509690195333821,176.32,104.22057417094163,107.65339090538042,106.10862337488297,0.45,False,0.0,1.0
QB,2024,00-0030565,Geno Smith,17.0,12.654691461641344,15.647058823529411,14.931494078729878,13.72582933425313,14.268378469267667,14.268378469267667,266.0,188.95345062765128,173.69613528011936,180.5619271865087,0.45,False,0.0,1.0
QB,2024,00-0031280,Derek Carr,10.0,14.026243221933214,15.09,15.564448840162608,12.383545347261563,13.814951919067035,13.814951919067035,150.9,218.31074504745706,173.6946189905301,193.77187571614724,0.45,False,0.0,1.0
QB,2024,00-0031345,Jimmy Garoppolo,1.0,7.168484420473863,19.86,9.538608709573104,9.953480636972802,9.766788269642937,9.766788269642937,19.86,68.3773679275711,71.3513708756278,70.01306954900228,0.45,False,0.0,1.0
QB,2024,00-0031503,Jameis Winston,11.0,6.482708540327929,11.921818181818182,6.842288099737431,4.3818189671542855,5.489030076816701,5.489030076816701,131.14,44.356559499552,28.406055240541992,35.58378215709649,0.45,False,0.0,1.0
QB,2024,00-0031800,Taylor Heinicke,4.0,5.796932660181994,0.78,10.881286995567924,12.72494821336724,11.89530066535755,11.89530066535755,3.12,63.07808796942131,73.76566789719307,68.95625692969578,0.45,False,0.0,1.0
QB,2024,00-0033077,Dak Prescott,8.0,14.026243221933214,14.565,18.023405973051435,17.353018892601426,17.65469307880393,17.65469307880393,116.52,252.8006758656633,243.39766362242977,247.62901913188486,0.45,False,0.0,1.0
QB,2024,00-0033106,Jared Goff,17.0,14.026243221933214,18.632941176470588,16.395768009359287,13.991529952990405,15.073437078356402,15.073437078356402,316.76,229.97102990966513,196.2486021676072,211.42369465153328,0.45,False,0.0,1.0
QB,2024,00-0033319,Nick Mullens,4.0,5.796932660181994,0.38,11.353580741844317,13.995343299289418,12.806550148439124,12.806550148439124,1.52,65.81594301241064,81.13006266211006,74.23870881974533,0.45,False,0.0,1.0
QB,2024,00-0033537,Deshaun Watson,7.0,6.482708540327929,10.96,10.253870727579622,14.094687035441089,12.36631969690343,12.36631969690343,76.72,66.47285533709898,91.37174801790329,80.16724631154135,0.45,False,0.0,1.0
QB,2024,00-0033662,Cooper Rush,12.0,7.168484420473863,9.13,5.757522222157307,3.649088947541592,4.5978839211186635,4.5978839211186635,109.56,41.27270835006671,26.15843726937527,32.95985925568642,0.45,False,0.0,1.0
QB,2024,00-0033869,Mitchell Trubisky,8.0,5.796932660181994,1.9075,7.146648695826755,10.48532142961457,8.982918699410053,8.982918699410053,15.26,41.42864123568517,60.78270224783886,52.0733747923697,0.45,False,0.0,1.0
QB,2024,00-0033873,Patrick Mahomes,16.0,13.34046734178728,17.61375,15.959093203375057,15.7049768093543,15.81932918666364,15.81932918666364,281.82,212.90176168416428,209.51173022871762,211.03724438366862,0.45,False,0.0,1.0
QB,2024,00-0033949,Joshua Dobbs,2.0,11.283139701349477,15.419999999999998,15.462554176457216,16.85705446701331,16.22952933626307,16.22952933626307,30.839999999999996,174.46615891265157,190.20050050456842,183.12004678820585,0.45,False,0.0,1.0
QB,2024,00-0034177,Tim Boyle,3.0,4.425380899890123,4.6466666666666665,5.4790669408066766,6.22497892088668,5.889318529850678,5.889318529850678,13.94,24.246958189065275,27.547902818710543,26.06247773537017,0.45,False,0.0,1.0
QB,2024,00-0034401,Mike White,1.0,6.482708540327929,1.12,2.448937955465723,3.4098069044185,2.9774158773897508,2.9774158773897508,1.12,15.875750998630858,22.10478434014295,19.30171933646251,0.45,False,0.0,1.0
QB,2024,00-0034577,Kyle Allen,1.0,6.482708540327929,0.76,5.788577343897005,3.0182110822940853,4.264875900015399,4.264875900015399,0.76,37.52565978362988,19.56618275970027,27.64794742046859,0.45,False,0.0,1.0
QB,2024,00-0034771,Mason Rudolph,8.0,5.111156780036059,11.975,8.216306398576382,10.220213223678789,9.318455152382707,9.318455152382707,95.8,41.99483015593733,52.23711211162003,47.62808523156282,0.45,False,0.0,1.0
QB,2024,00-0034796,Lamar Jackson,17.0,13.34046734178728,25.31647058823529,21.2703668658392,19.033272010840864,20.039964695590115,20.039964695590115,430.37999999999994,283.7566345215621,253.91274366797646,267.34249455209,0.45,False,0.0,1.0
QB,2024,00-0034855,Baker Mayfield,17.0,14.026243221933214,21.517647058823528,15.24877628784712,12.258418909627464,13.60407972982631,13.60407972982631,365.79999999999995,213.88304505019158,171.93956514278017,190.81413110111532,0.45,False,0.0,1.0
QB,2024,00-0034857,Josh Allen,16.0,14.026243221933214,23.27125,21.07136529492841,18.341911273502017,19.570165583143893,19.570165583143893,372.34,295.55209464486836,257.26810867725806,274.4959023626827,0.45,False,0.0,1.0
QB,2024,00-0034869,Sam Darnold,17.0,9.22581206091167,18.115294117647057,7.328180162744205,4.717686374632361,5.892408579282692,5.892408579282692,307.96,67.60841292997914,43.52448785468189,54.36225413856565,0.45,False,0.0,1.0
QB,2024,00-0035100,Jake Browning,2.0,8.540036180765734,0.0,12.66553872243932,14.099062265330408,13.45397667102942,13.45397667102942,0.0,108.16415893852121,120.40650186079057,114.89744754576937,0.45,False,0.0,1.0
QB,2024,00-0035228,Kyler Murray,17.0,7.854260300619799,17.48470588235294,14.531244474377411,17.161566739679827,15.97792172029374,15.97792172029374,297.24,114.13217659370332,134.79141233990444,125.49475625411392,0.45,False,0.0,1.0
QB,2024,00-0035289,Gardner Minshew,10.0,13.34046734178728,9.632,12.483114557971389,11.738030683032347,12.073318426754916,12.073318426754916,96.32,166.53058208440666,156.59081498389006,161.06371017912255,0.45,False,0.0,1.0
QB,2024,00-0035704,Drew Lock,7.0,5.111156780036059,11.448571428571428,6.5547772830335065,8.29764823969004,7.5133563091946005,7.5133563091946005,80.14,33.502494351803044,42.410581058646024,38.40194204056668,0.45,False,0.0,1.0
QB,2024,00-0035710,Daniel Jones,10.0,6.482708540327929,13.53,11.463062852290692,11.772022103335022,11.632990440365074,11.632990440365074,135.29999999999998,74.3116954508607,76.3145882262191,75.41328647730782,0.45,False,0.0,1.0
QB,2024,00-0035993,Tyler Huntley,5.0,5.796932660181994,12.132,4.607002290836842,6.40645627744549,5.596701983471599,5.596701983471599,60.66,26.70648204528536,37.137795630751725,32.443704517291856,0.45,False,0.0,1.0
QB,2024,00-0036212,Tua Tagovailoa,11.0,14.026243221933214,16.507272727272728,15.150830766080862,15.348868657884072,15.259751606572628,15.259751606572628,181.58,212.5092373393989,215.28696497698962,214.0369875400738,0.45,False,0.0,1.0
QB,2024,00-0036264,Jordan Love,15.0,14.026243221933214,15.590666666666667,16.857108107867326,15.685118871553728,16.212514027894848,16.212514027894848,233.86,236.44189833936952,220.00329225734723,227.40066499425726,0.45,False,0.0,1.0
QB,2024,00-0036355,Justin Herbert,17.0,11.283139701349477,16.788235294117648,16.10866103126116,16.679518096726298,16.422632417266986,16.422632417266986,285.40000000000003,181.756272817404,188.19733283654955,185.29885582793403,0.45,False,0.0,1.0
QB,2024,00-0036389,Jalen Hurts,15.0,14.026243221933214,21.008,20.13417834672529,18.90417002522493,19.45767376990009,19.45767376990009,315.12,282.4068825649501,265.1544866825842,272.9180648296488,0.45,False,0.0,1.0
QB,2024,00-0036442,Joe Burrow,17.0,9.22581206091167,21.93058823529412,14.716264673017283,15.413722513220462,15.09986648512903,15.09986648512903,372.82000000000005,135.7694921118912,142.20410706601507,139.30853033665932,0.45,False,0.0,1.0
QB,2024,00-0036898,Davis Mills,4.0,5.796932660181994,2.395,4.447979257056308,4.891755212607142,4.692056032609267,4.692056032609267,9.58,25.784636227041755,28.35717555757786,27.199532858836616,0.45,False,0.0,1.0
QB,2024,00-0036945,Justin Fields,10.0,11.283139701349477,11.914,16.845322259321847,16.752552479067727,16.794298880182083,16.794298880182083,119.14,190.0681243661804,189.02138997550966,189.49242045131152,0.45,False,0.0,1.0
QB,2024,00-0036971,Trevor Lawrence,10.0,13.34046734178728,14.57,15.453690960108364,15.187940014251094,15.307527939886867,15.307527939886867,145.7,206.15945956339894,202.61421774914095,204.20957656555706,0.45,False,0.0,1.0
QB,2024,00-0036972,Mac Jones,10.0,9.911587941057604,9.608,10.06774750843627,10.43535222656827,10.269930103408871,10.269930103408871,96.08000000000001,99.78736479822967,103.43091128954268,101.79131536845185,0.45,False,0.0,1.0
QB,2024,00-0037077,Sam Howell,1.0,14.026243221933214,-0.8400000000000001,13.317093062914845,13.73105117334206,13.544770023649814,13.544770023649814,-0.8400000000000001,186.78878630956316,192.59506345010718,189.9822387368624,0.45,False,0.0,1.0
QB,2024,00-0037834,Brock Purdy,15.0,13.34046734178728,17.790666666666667,16.582456661158798,15.0655716418487,15.748169900538244,15.748169900538244,266.86,221.21772153479188,200.98176647343917,210.08794625104787,0.45,False,0.0,1.0
QB,2024,00-0038102,Kenny Pickett,5.0,10.59736382120354,5.0280000000000005,11.340048003618122,9.799632021961314,10.492819213706877,10.492819213706877,25.14,120.17461444425412,103.85026585064053,111.19622271776663,0.45,False,0.0,1.0
QB,2024,00-0038108,Bailey Zappe,1.0,9.22581206091167,7.0,8.127932069578785,8.900919607054103,8.55307521519021,8.55307521519021,7.0,74.9867737177907,82.11821146396491,78.90906447818652,0.45,False,0.0,1.0
QB,2024,00-0038122,Desmond Ridder,5.0,12.654691461641344,4.384,13.61773715256526,11.729266422237744,12.579078250885127,12.579078250885127,21.92,172.3282620714437,148.4302476448085,159.18435413679435,0.45,False,0.0,1.0
QB,2024,00-0038416,Tyson Bagent,4.0,5.796932660181994,0.11,7.454289348997456,8.293099745968425,7.915635067331489,7.915635067331489,0.44,43.21201338565013,48.07454077155136,45.88640344789581,0.45,False,0.0,1.0
QB,2024,00-0038476,Tommy DeVito,2.0,8.540036180765734,6.74,9.89141813469565,11.401713999658329,10.722080860425123,10.722080860425123,13.48,84.47306874938316,97.37105007982531,91.56695848112633,0.45,False,0.0,1.0
QB,2024,00-0038579,Aidan O'Connell,9.0,9.911587941057604,10.386666666666668,10.974078972626131,11.568616950460909,11.301074860435259,11.301074860435259,93.48000000000002,108.77054880929498,114.66336426090294,112.01159730767937,0.45,False,0.0,1.0
QB,2024,00-0038582,Clayton Tune,5.0,6.482708540327929,-0.336,4.828662489287248,3.961039438062576,4.351469811113679,4.351469811113679,-1.6800000000000002,31.302811557663556,25.678264193704003,28.209310507485807,0.45,False,0.0,1.0
QB,2024,00-0038583,Dorian Thompson-Robinson,6.0,7.168484420473863,2.633333333333333,7.163716535446628,5.854272566451421,6.443522352499265,6.443522352499265,15.799999999999997,51.35299037704016,41.96626168581455,46.19028959686608,0.45,False,0.0,1.0
QB,2024,00-0039150,Bryce Young,14.0,13.34046734178728,13.93,11.932861534323967,9.81676426424018,10.769008035777883,10.769008035777883,195.01999999999998,159.18994959271853,130.96022306912053,143.66360000473964,0.45,False,0.0,1.0
QB,2024,00-0039152,Will Levis,12.0,8.540036180765734,9.995,10.570722159480292,11.330884469815286,10.988811430164539,10.988811430164539,119.94,90.27434969878378,96.7661633322991,93.8448471972172,0.45,False,0.0,1.0
QB,2024,00-0039163,C.J. Stroud,17.0,12.654691461641344,12.963529411764709,15.824935209410448,16.162504324306056,16.010598222603033,16.010598222603033,220.38000000000005,200.25967247555386,204.53150547153714,202.60918062334466,0.45,False,0.0,1.0
QB,2024,00-0039164,Anthony Richardson,11.0,5.111156780036059,14.769090909090911,14.651829677879956,16.547219645321476,15.694294159972793,15.694294159972793,162.46000000000004,74.88779859802969,84.57543388093073,80.21599800362527,0.45,False,0.0,1.0
QB,2025,00-0023459,Aaron Rodgers,16.0,13.80989829846619,14.18625,15.718210710022332,12.88642445192374,15.151853458402615,15.151853458402615,226.98,217.06689133927046,177.96021111193477,209.24555529380333,0.8,False,0.0,1.0
QB,2025,00-0026158,Joe Flacco,13.0,7.151804628571203,11.281538461538462,11.478410046930554,12.419565285207083,11.66664109458586,11.66664109458586,146.66,82.09134610227613,88.82230449158625,83.43753778013816,0.8,False,0.0,1.0
QB,2025,00-0026300,Josh Johnson,3.0,5.154376527602707,8.126666666666667,5.699007014790448,4.883572021471625,5.535920016126683,5.535920016126683,24.380000000000003,29.37482798767906,25.171768998330652,28.534216189809378,0.8,False,0.0,1.0
QB,2025,00-0026498,Matthew Stafford,17.0,13.144088931476691,20.61058823529412,14.822252002632656,10.14554240634856,13.886910083375836,13.886910083375836,350.38000000000005,194.8249984873621,133.3539116471135,182.5307811193124,0.8,False,0.0,1.0
QB,2025,00-0027973,Andy Dalton,4.0,6.485995261581705,2.43,8.249765701706767,10.1675999171142,8.633332544788255,8.633332544788255,9.72,53.50794125042936,65.94700488406124,55.99575397715574,0.8,False,0.0,1.0
QB,2025,00-0029263,Russell Wilson,6.0,9.815042096529195,8.306666666666667,14.2221427401471,12.991049452509996,13.97592408261968,13.97592408261968,49.84,139.59092969739086,127.50769725447816,137.17428320880833,0.8,False,0.0,1.0
QB,2025,00-0029604,Kirk Cousins,10.0,11.812470197497694,10.354,14.560266297309036,11.17419315267316,13.88305166838186,13.88305166838186,103.53999999999999,171.9927117045931,131.9948235970345,163.99313408308137,0.8,False,0.0,1.0
QB,2025,00-0030565,Geno Smith,15.0,13.80989829846619,11.593333333333334,15.784780785616292,15.132720957418693,15.65436881997677,15.65436881997677,173.9,217.98621731294426,208.98133740102008,216.1852413305594,0.8,False,0.0,1.0
QB,2025,00-0031503,Jameis Winston,3.0,9.815042096529195,10.993333333333334,11.497917159700725,11.498129350317445,11.49795959782407,11.49795959782407,32.980000000000004,112.85254094486801,112.8546236047036,112.85295747683513,0.8,False,0.0,1.0
QB,2025,00-0032268,Marcus Mariota,10.0,4.488567160613209,12.55,10.037776357080912,14.077498781503644,10.845720841965457,10.845720841965457,125.5,45.05523332197306,63.187798734229716,48.681746404424395,0.8,False,0.0,1.0
QB,2025,00-0032434,Brandon Allen,1.0,4.488567160613209,0.8799999999999999,4.663996152025678,5.20418462401957,4.772033846424456,4.772033846424456,0.8799999999999999,20.93465996520883,23.35933220114244,21.41959441239555,0.8,False,0.0,1.0
QB,2025,00-0033077,Dak Prescott,17.0,7.817613995560702,18.45764705882353,8.3414741772713,12.763168883503203,9.22581311851768,9.22581311851768,313.78,65.2104252718443,99.7775276913795,72.12384575575133,0.8,False,0.0,1.0
QB,2025,00-0033106,Jared Goff,17.0,13.80989829846619,17.474117647058826,17.302143563356104,15.169481536067147,16.875611157898312,16.875611157898312,297.06000000000006,238.9408429554092,209.488997253548,233.05047381503698,0.8,False,0.0,1.0
QB,2025,00-0033119,Jacoby Brissett,14.0,7.151804628571203,16.245714285714286,7.32328232166142,7.604786138290302,7.379583084987196,7.379583084987196,227.44,52.374684404391814,54.387944703118706,52.77733646413719,0.8,False,0.0,1.0
QB,2025,00-0033319,Nick Mullens,4.0,5.154376527602707,0.19,4.595869775989113,3.4165585464589303,4.3600075300830765,4.3600075300830765,0.76,23.688843297277,17.610229177048335,22.473120473231265,0.8,False,0.0,1.0
QB,2025,00-0033662,Cooper Rush,4.0,10.480851463518697,0.5300000000000002,11.874389361114982,9.56505514704708,11.412522518301401,11.412522518301401,2.120000000000001,124.45371111383281,100.24992223656542,119.61295333837931,0.8,False,0.0,1.0
QB,2025,00-0033869,Mitchell Trubisky,4.0,7.817613995560702,7.78,6.931039196039992,4.45716420161952,6.436264197155898,6.436264197155898,31.12,54.18418902274204,34.8443892430929,50.31622906681221,0.8,False,0.0,1.0
QB,2025,00-0033873,Patrick Mahomes,14.0,13.144088931476691,20.40571428571429,16.855967262825274,15.191312017511905,16.5230362137626,16.5230362137626,285.68000000000006,221.55633272863514,199.67595614398707,217.18025741170555,0.8,False,0.0,1.0
QB,2025,00-0034771,Mason Rudolph,5.0,7.817613995560702,3.0,10.662519236575362,11.876493511433154,10.90531409154692,10.90531409154692,15.0,83.35545961178676,92.84584189316568,85.25353606806254,0.8,False,0.0,1.0
QB,2025,00-0034796,Lamar Jackson,13.0,13.80989829846619,16.527692307692305,22.37021355868372,20.97214695509474,22.090600237965923,22.090600237965923,214.85999999999996,308.93037416039164,289.6232165503458,305.06894263838245,0.8,False,0.0,1.0
QB,2025,00-0034855,Baker Mayfield,17.0,13.80989829846619,15.99529411764706,19.02069627140156,17.442649333663244,18.705086883853898,18.705086883853898,271.92,262.67388107407066,240.88121335369848,258.3153475299962,0.8,False,0.0,1.0
QB,2025,00-0034857,Josh Allen,16.0,13.144088931476691,22.78875,20.97090575232918,19.379657059061483,20.652656013675642,20.652656013675642,364.62,275.6434501822309,254.72793584582416,271.46034731494956,0.8,False,0.0,1.0
QB,2025,00-0034869,Sam Darnold,17.0,13.80989829846619,13.848235294117648,16.541114092081674,15.2744992834496,16.28779113035526,16.28779113035526,235.42000000000002,228.43110335497386,210.93928166443368,224.9327390168658,0.8,False,0.0,1.0
QB,2025,00-0035228,Kyler Murray,5.0,13.80989829846619,15.556,16.626267555622945,16.105094835624364,16.52203301162323,16.52203301162323,77.78,229.60706402624095,222.40972176712555,228.16759557441787,0.8,False,0.0,1.0
QB,2025,00-0035289,Gardner Minshew,4.0,9.1492327295397,-0.08,11.301243653438313,9.828025001964487,11.006599923143547,11.006599923143547,-0.32,103.39770831854062,89.91888801470796,100.70194425777407,0.8,False,0.0,1.0
QB,2025,00-0035704,Drew Lock,3.0,7.151804628571203,0.2,6.840030269778905,10.68191324069407,7.608406863961937,7.608406863961937,0.6000000000000001,48.918560142971906,76.39495655679188,54.413839425735894,0.8,False,0.0,1.0
QB,2025,00-0035710,Daniel Jones,13.0,9.1492327295397,17.418461538461536,11.47733431028372,13.63809043915284,11.909485536057543,11.909485536057543,226.43999999999997,105.00880271951675,124.77806341431962,108.96265485847732,0.8,False,0.0,1.0
QB,2025,00-0035993,Tyler Huntley,5.0,5.820185894592206,8.028,9.69099846553692,12.716917130495704,10.296182198528676,10.296182198528676,40.14,56.40341257363269,74.01482170560908,59.92569440002797,0.8,False,0.0,1.0
QB,2025,00-0036212,Tua Tagovailoa,14.0,9.815042096529195,11.47857142857143,14.201167732855724,13.639358869658649,14.08880596021631,14.08880596021631,160.70000000000002,139.385059117851,133.8708814753685,138.28222358935452,0.8,False,0.0,1.0
QB,2025,00-0036264,Jordan Love,15.0,12.478279564487192,15.676,13.73278070998953,13.071567377958818,13.600538043583388,13.600538043583388,235.14000000000001,171.36147689704626,163.11067208820094,169.7113159352772,0.8,False,0.0,1.0
QB,2025,00-0036355,Justin Herbert,16.0,13.80989829846619,17.93,15.846925450060477,15.13872116986361,15.705284594021105,15.705284594021105,286.88,218.84442880871075,209.06419972465358,216.88838299189933,0.8,False,0.0,1.0
QB,2025,00-0036389,Jalen Hurts,16.0,12.478279564487192,18.816250000000004,19.416677577647853,17.72766646807986,19.078875355734255,19.078875355734255,301.06000000000006,242.28673102739987,221.21077821468575,238.07154046485704,0.8,False,0.0,1.0
QB,2025,00-0036442,Joe Burrow,8.0,13.80989829846619,16.8075,17.335830022000145,17.2496147396522,17.318586965530557,17.318586965530557,134.46,239.40604952331893,238.2154252423202,239.1679246671192,0.8,False,0.0,1.0
QB,2025,00-0036898,Davis Mills,6.0,5.154376527602707,11.433333333333334,5.450711728901878,4.5810537776018645,5.276780138641875,5.276780138641875,68.6,28.09502059418061,23.612476062956762,27.19851168793584,0.8,False,0.0,1.0
QB,2025,00-0036945,Justin Fields,9.0,9.1492327295397,15.85111111111111,11.046624810408057,11.836329189910389,11.204565686308523,11.204565686308523,142.65999999999997,101.06814126633067,108.29333042193424,102.51317909745138,0.8,False,0.0,1.0
QB,2025,00-0036971,Trevor Lawrence,17.0,9.1492327295397,19.89294117647059,11.592662751092304,13.126334201708934,11.899397041215629,11.899397041215629,338.18,106.06396946480943,120.09588649715174,108.87035287127789,0.8,False,0.0,1.0
QB,2025,00-0036972,Mac Jones,11.0,9.1492327295397,11.821818181818182,7.796496887937312,10.197828811344598,8.27676327261877,8.27676327261877,130.04,71.33196450287046,93.30230913099693,75.72603342849575,0.8,False,0.0,1.0
QB,2025,00-0037012,Trey Lance,4.0,5.154376527602707,3.385,4.360256335464438,3.900660656558885,4.2683371996833275,4.2683371996833275,13.54,22.474402909848894,20.105473730310482,22.000617073941214,0.8,False,0.0,1.0
QB,2025,00-0037834,Brock Purdy,9.0,12.478279564487192,19.70888888888889,15.439399395457782,15.506736376233125,15.45286679161285,15.45286679161285,177.38,192.65714196429676,193.49739163543998,192.8251918985254,0.8,False,0.0,1.0
QB,2025,00-0038102,Kenny Pickett,6.0,5.820185894592206,1.2866666666666666,1.74668506404917,6.518047702350406,2.7009575917094173,2.7009575917094173,7.72,10.166031772073863,37.936249297498975,15.720075277158886,0.8,False,0.0,1.0
QB,2025,00-0038128,Malik Willis,4.0,6.485995261581705,12.794999999999998,6.342822095004169,9.490670068257325,6.9723916896548,6.9723916896548,51.17999999999999,41.13951405325278,61.55644109195232,45.222899460992686,0.8,False,0.0,1.0
QB,2025,00-0038416,Tyson Bagent,2.0,5.154376527602707,1.29,4.512302018223959,3.4473336584902694,4.299308346277221,4.299308346277221,2.58,23.2581036081879,17.768855692137013,22.16025402497772,0.8,False,0.0,1.0
QB,2025,00-0038579,Aidan O'Connell,1.0,8.483423362550202,4.78,11.256665219852414,10.526779418850683,11.110688059652066,11.110688059652066,4.78,95.49505671050227,89.30312645429052,94.25667065925991,0.8,False,0.0,1.0
QB,2025,00-0038582,Clayton Tune,2.0,5.820185894592206,0.99,5.55385490761814,2.988630620617914,5.040810050218095,5.040810050218095,1.98,32.324467993930796,17.394385782266735,29.338451551597988,0.8,False,0.0,1.0
QB,2025,00-0039150,Bryce Young,16.0,11.812470197497694,13.6275,13.178947043304657,13.548587978763372,13.2528752303964,13.2528752303964,218.04,155.6759191834366,160.04229171731785,156.54919369021286,0.8,False,0.0,1.0
QB,2025,00-0039163,C.J. Stroud,14.0,13.80989829846619,14.895714285714288,13.653543716516348,12.434181930058148,13.409671359224706,13.409671359224706,208.54000000000002,188.55405013875287,171.71478787872908,185.18619768674807,0.8,False,0.0,1.0
QB,2025,00-0039164,Anthony Richardson,2.0,9.815042096529195,0.18,14.434717064067042,15.61476732476994,14.670727116207622,14.670727116207622,0.36,141.67735563530633,153.25959862012553,143.99380423227018,0.8,False,0.0,1.0
QB,2025,00-0039376,Spencer Rattler,9.0,7.151804628571203,10.904444444444444,8.18191134729603,10.364046064783832,8.61833829079359,8.61833829079359,98.13999999999999,58.515431444151,74.12163261684617,61.63667167869003,0.8,False,0.0,1.0
QB,2025,00-0039732,Bo Nix,17.0,13.80989829846619,17.931764705882355,19.12803515278997,16.407208607308192,18.583869843693613,18.583869843693613,304.84000000000003,264.1562201095157,226.58188222864524,256.6413525333416,0.8,False,0.0,1.0
QB,2025,00-0039851,Drake Maye,17.0,11.146660830508194,20.632941176470588,13.826035125453975,13.77280054149488,13.815388208662156,13.815388208662156,350.76,154.11412417412828,153.52073632228303,153.99544660375923,0.8,False,0.0,1.0
QB,2025,00-0039910,Jayden Daniels,7.0,13.80989829846619,16.325714285714284,22.25131662876065,20.080138161914057,21.81708093539133,21.81708093539133,114.27999999999999,307.2884196501542,277.30466583518296,301.2916688871599,0.8,False,0.0,1.0
QB,2025,00-0039917,Michael Penix Jr.,9.0,5.820185894592206,13.364444444444445,6.639818228872983,8.936937174159226,7.099242017930232,7.099242017930232,120.28,38.64497639834274,52.014635681898255,41.31890825505384,0.8,False,0.0,1.0
QB,2025,00-0039918,Caleb Williams,17.0,13.809898298466187,18.14588235294117,16.791387270156786,14.109532299507835,16.255016276026996,16.255016276026996,308.4799999999999,231.887350491025,194.85120609512697,224.4801216118454,0.8,False,0.0,1.0
