position,test_season,metric,model,decile,n,mean_prediction,mean_actual,bias
QB,2022,PPG,V972,1,6,3.9779278195068444,7.129313186813188,-3.1513853673063434
QB,2022,PPG,V972,2,5,6.459413779168725,4.385238095238095,2.07417568393063
QB,2022,PPG,V972,3,5,8.415463443119773,8.718270588235294,-0.302807145115521
QB,2022,PPG,V972,4,6,10.719864809864141,12.684859525006582,-1.9649947151424403
QB,2022,PPG,V972,5,5,12.602097137728766,9.291599999999999,3.310497137728767
QB,2022,PPG,V972,6,5,14.355056742415519,12.79979393939394,1.555262803021579
QB,2022,PPG,V972,7,6,15.787327008205628,14.71101851851852,1.0763084896871078
QB,2022,PPG,V972,8,5,17.099923215681976,15.945879365079367,1.1540438506026085
QB,2022,PPG,V972,9,5,18.329508369383447,18.533945098039215,-0.204436728655768
QB,2022,PPG,V972,10,6,20.790871669211175,21.604115790255495,-0.8132441210443204
QB,2022,PPG,M9,1,6,3.7402718954345544,7.375979853479854,-3.6357079580452996
QB,2022,PPG,M9,2,5,5.918922134469251,2.166666666666667,3.752255467802584
QB,2022,PPG,M9,3,5,8.480579081921,7.813285714285715,0.6672933676352857
QB,2022,PPG,M9,4,6,11.36921582406318,12.93655882352941,-1.567342999466229
QB,2022,PPG,M9,5,5,12.7583816770055,13.998358169934638,-1.239976492929138
QB,2022,PPG,M9,6,5,13.592976280815597,11.587882783882785,2.005093496932812
QB,2022,PPG,M9,7,6,14.154759354088315,14.077791245791245,0.0769681082970699
QB,2022,PPG,M9,8,5,15.974632976611408,14.932375163398694,1.0422578132127143
QB,2022,PPG,M9,9,5,17.83420289310135,20.311742156862746,-2.477539263761397
QB,2022,PPG,M9,10,6,20.8525870445464,20.792657456922164,0.059929587624235836
QB,2022,SEASON,V972,1,6,23.343096877720452,54.59,-31.24690312227955
QB,2022,SEASON,V972,2,5,35.45789279215832,30.856,4.601892792158317
QB,2022,SEASON,V972,3,5,49.896654502743246,75.59199999999998,-25.69534549725674
QB,2022,SEASON,V972,4,6,76.44932472801328,71.76666666666667,4.682658061346615
QB,2022,SEASON,V972,5,5,123.80659795624047,145.88000000000002,-22.073402043759558
QB,2022,SEASON,V972,6,5,161.7201574790696,171.504,-9.783842520930392
QB,2022,SEASON,V972,7,6,207.01191083996062,177.11,29.901910839960607
QB,2022,SEASON,V972,8,5,241.69575992818628,193.108,48.58775992818627
QB,2022,SEASON,V972,9,5,252.2245589985559,276.36800000000005,-24.14344100144416
QB,2022,SEASON,V972,10,6,285.18853506673753,330.7733333333333,-45.58479826659578
QB,2022,SEASON,M9,1,6,21.730618570146323,20.836666666666666,0.8939519034796568
QB,2022,SEASON,M9,2,5,34.35051732393212,61.672000000000004,-27.321482676067887
QB,2022,SEASON,M9,3,5,50.78124314623006,24.996,25.785243146230062
QB,2022,SEASON,M9,4,6,78.73141853627156,122.00333333333333,-43.27191479706177
QB,2022,SEASON,M9,5,5,138.52026041662836,136.356,2.164260416628366
QB,2022,SEASON,M9,6,5,156.4489244155377,206.07200000000003,-49.62307558446233
QB,2022,SEASON,M9,7,6,179.26542934984482,178.7966666666667,0.4687626831781131
QB,2022,SEASON,M9,8,5,210.50106495259547,201.96400000000003,8.537064952595443
QB,2022,SEASON,M9,9,5,240.40266718256166,264.36800000000005,-23.965332817438394
QB,2022,SEASON,M9,10,6,282.9923034039419,310.83666666666664,-27.844363262724755
QB,2023,PPG,V972,1,6,4.146455906943803,8.979993464052287,-4.8335375571084835
QB,2023,PPG,V972,2,5,7.327501578903048,6.011,1.3165015789030479
QB,2023,PPG,V972,3,5,8.963105298232204,13.638633333333335,-4.675528035101131
QB,2023,PPG,V972,4,5,10.544246488590824,7.184,3.360246488590824
QB,2023,PPG,V972,5,6,12.313199236193055,10.551055555555555,1.7621436806375002
QB,2023,PPG,V972,6,5,13.351299843409588,13.501476003734828,-0.1501761603252394
QB,2023,PPG,V972,7,5,15.069690080986131,14.24696256684492,0.8227275141412118
QB,2023,PPG,V972,8,5,16.471484723230596,12.878678733031673,3.592805990198922
QB,2023,PPG,V972,9,5,18.114712284451816,17.070269607843137,1.0444426766086785
QB,2023,PPG,V972,10,6,21.160293957587047,19.074392282554047,2.085901675033
QB,2023,PPG,M9,1,6,4.958683548639928,9.234993464052287,-4.27630991541236
QB,2023,PPG,M9,2,5,7.815331142474969,6.044733333333333,1.770597809141636
QB,2023,PPG,M9,3,5,10.319940046647531,12.0329,-1.7129599533524686
QB,2023,PPG,M9,4,5,11.864503177721703,12.37801568627451,-0.5135125085528074
QB,2023,PPG,M9,5,6,12.903990076687917,10.884772727272727,2.0192173494151895
QB,2023,PPG,M9,6,5,13.624272007403226,10.575394957983193,3.0488770494200335
QB,2023,PPG,M9,7,5,14.277634022496972,12.478658496732027,1.798975525764945
QB,2023,PPG,M9,8,5,15.177100311360913,14.912896380090498,0.26420393127041564
QB,2023,PPG,M9,9,5,16.94852195018732,16.016510784313727,0.9320111658735932
QB,2023,PPG,M9,10,6,20.62561476351484,18.562267282554046,2.0633474809607932
QB,2023,SEASON,V972,1,6,20.892653732423057,74.66333333333334,-53.770679600910285
QB,2023,SEASON,V972,2,5,38.903463208617815,61.488,-22.584536791382185
QB,2023,SEASON,V972,3,5,49.17387148224522,74.252,-25.078128517754777
QB,2023,SEASON,V972,4,5,69.02101533797021,31.176,37.84501533797021
QB,2023,SEASON,V972,5,6,98.67753869938541,146.11,-47.432461300614605
QB,2023,SEASON,V972,6,5,150.68837297596434,132.06,18.62837297596434
QB,2023,SEASON,V972,7,5,177.43074530982182,159.05599999999998,18.374745309821833
QB,2023,SEASON,V972,8,5,209.2075922299754,173.0,36.207592229975404
QB,2023,SEASON,V972,9,5,253.82301924649158,216.724,37.09901924649159
QB,2023,SEASON,V972,10,6,288.14127015055755,275.8933333333333,12.247936817224229
QB,2023,SEASON,M9,1,6,25.689512758133514,74.66333333333334,-48.973820575199824
QB,2023,SEASON,M9,2,5,48.49611993633751,62.279999999999994,-13.783880063662487
QB,2023,SEASON,M9,3,5,58.10185563024239,73.28,-15.17814436975761
QB,2023,SEASON,M9,4,5,75.01100287392248,53.48,21.531002873922482
QB,2023,SEASON,M9,5,6,101.52157640480986,134.52333333333334,-33.00175692852348
QB,2023,SEASON,M9,6,5,140.79474339847133,98.14,42.654743398471325
QB,2023,SEASON,M9,7,5,169.3686444392059,164.21200000000002,5.156644439205877
QB,2023,SEASON,M9,8,5,197.78964295036513,186.12,11.66964295036513
QB,2023,SEASON,M9,9,5,225.64802131544107,260.576,-34.92797868455895
QB,2023,SEASON,M9,10,6,270.51588953468143,245.53666666666666,24.979222868014773
QB,2024,PPG,V972,1,6,5.078588254675132,4.369611111111111,0.7089771435640211
QB,2024,PPG,V972,2,5,7.269514251848607,7.139283549783549,0.1302307020650577
QB,2024,PPG,V972,3,6,9.0719652479017,11.438529411764705,-2.3665641638630053
QB,2024,PPG,V972,4,5,11.157835878235044,8.880536507936508,2.277299370298536
QB,2024,PPG,V972,5,6,12.4030799161944,9.178809523809525,3.2242703923848754
QB,2024,PPG,V972,6,5,14.079515016373893,6.908228571428571,7.171286444945322
QB,2024,PPG,V972,7,5,15.351874941153374,17.236199579831933,-1.8843246386785584
QB,2024,PPG,V972,8,6,16.09124191207001,16.758645276292334,-0.6674033642223236
QB,2024,PPG,V972,9,5,16.872931673747576,17.87145285204991,-0.9985211783023331
QB,2024,PPG,V972,10,6,19.681135732394946,19.073724673202616,0.6074110591923301
QB,2024,PPG,M9,1,6,4.286406878901087,7.154095068330363,-2.867688189429275
QB,2024,PPG,M9,2,5,6.85839119699488,4.770066666666667,2.0883245303282134
QB,2024,PPG,M9,3,6,10.040922718351316,10.682285714285713,-0.6413629959343972
QB,2024,PPG,M9,4,5,11.502730422205836,10.1821,1.320630422205836
QB,2024,PPG,M9,5,6,12.579227460156801,13.08765577342048,-0.5084283132636784
QB,2024,PPG,M9,6,5,14.11330120836019,9.023560924369749,5.089740283990441
QB,2024,PPG,M9,7,5,14.937865612579031,9.939612324929971,4.99825328764906
QB,2024,PPG,M9,8,6,16.153981488371155,17.610117424242425,-1.45613593587127
QB,2024,PPG,M9,9,5,17.1906895122506,14.985623529411765,2.2050659828388355
QB,2024,PPG,M9,10,6,18.77884266822701,19.897447362278246,-1.1186046940512355
QB,2024,SEASON,V972,1,6,29.016686278239295,28.793333333333333,0.2233529449059617
QB,2024,SEASON,V972,2,5,44.12981419896592,47.164,-3.0341858010340843
QB,2024,SEASON,V972,3,6,64.12083511255156,94.87666666666665,-30.75583155411509
QB,2024,SEASON,V972,4,5,80.41617322469419,90.532,-10.115826775305806
QB,2024,SEASON,V972,5,6,104.43423000167917,76.98,27.454230001679164
QB,2024,SEASON,V972,6,5,134.37841957953464,203.54,-69.16158042046536
QB,2024,SEASON,V972,7,5,183.39270597586125,134.81199999999998,48.580705975861264
QB,2024,SEASON,V972,8,6,204.07911233653388,160.69333333333336,43.385779003200525
QB,2024,SEASON,V972,9,5,225.19529797021147,259.592,-34.396702029788514
QB,2024,SEASON,V972,10,6,272.7658855286949,305.16333333333336,-32.39744780463843
QB,2024,SEASON,M9,1,6,27.683372606758343,23.213333333333335,4.470039273425009
QB,2024,SEASON,M9,2,5,41.92418100503957,126.73999999999997,-84.8158189949604
QB,2024,SEASON,M9,3,6,68.08029058481777,47.796666666666674,20.2836239181511
QB,2024,SEASON,M9,4,5,90.1034603721057,56.952,33.1514603721057
QB,2024,SEASON,M9,5,6,108.30648037052605,95.66666666666667,12.639813703859375
QB,2024,SEASON,M9,6,5,135.54831102492935,198.31199999999998,-62.763688975070636
QB,2024,SEASON,M9,7,5,172.34948418868427,203.12399999999997,-30.774515811315695
QB,2024,SEASON,M9,8,6,196.31867409268713,129.20333333333335,67.11534075935378
QB,2024,SEASON,M9,9,5,211.11835843530122,257.104,-45.98564156469877
QB,2024,SEASON,M9,10,6,251.05530879976584,281.79999999999995,-30.744691200234115
QB,2025,PPG,V972,1,6,4.54480637857454,3.369166666666667,1.175639711907873
QB,2025,PPG,V972,2,5,6.693153761283429,7.3952222222222215,-0.7020684609387926
QB,2025,PPG,V972,3,5,8.269519021047062,13.494059587471352,-5.22454056642429
QB,2025,PPG,V972,4,5,10.376388341122865,8.664044444444444,1.712343896678421
QB,2025,PPG,V972,5,6,12.11907092961038,11.215573152337859,0.9034977772725217
QB,2025,PPG,V972,6,5,13.963963850430593,13.698334453781513,0.26562939664908036
QB,2025,PPG,V972,7,5,15.180743407610475,10.69436862745098,4.486374780159494
QB,2025,PPG,V972,8,5,16.55060843479664,16.316936274509807,0.23367216028683302
QB,2025,PPG,V972,9,5,17.67605947908557,18.25645630252101,-0.5803968234354393
QB,2025,PPG,V972,10,6,21.100652209698286,18.607769338504635,2.4928828711936504
QB,2025,PPG,M9,1,6,4.1474685876190245,4.3308333333333335,-0.18336474571430905
QB,2025,PPG,M9,2,5,7.17133984900415,8.561650793650795,-1.3903109446466448
QB,2025,PPG,M9,3,5,10.51528486398737,9.588689839572194,0.9265950244151764
QB,2025,PPG,M9,4,5,11.335516156966168,7.016444444444446,4.319071712521723
QB,2025,PPG,M9,5,6,12.821275853753553,10.243318681318682,2.5779571724348713
QB,2025,PPG,M9,6,5,13.616925472631959,15.830224509803923,-2.2132990371719643
QB,2025,PPG,M9,7,5,14.307214704944991,15.850475113122172,-1.543260408177181
QB,2025,PPG,M9,8,5,15.549531800208996,17.832589635854344,-2.283057835645348
QB,2025,PPG,M9,9,5,16.432728147371286,14.081317647058825,2.3514105003124612
QB,2025,PPG,M9,10,6,19.22736707095815,18.416715416936007,0.8106516540221413
QB,2025,SEASON,V972,1,6,23.057631472583,16.513333333333335,6.5442981392496655
QB,2025,SEASON,V972,2,5,39.52145887312071,67.264,-27.74254112687929
QB,2025,SEASON,V972,3,5,57.15664133241811,63.604000000000006,-6.447358667581895
QB,2025,SEASON,V972,4,5,77.06970202171361,147.324,-70.2542979782864
QB,2025,SEASON,V972,5,6,109.10612380408043,128.12,-19.01387619591958
QB,2025,SEASON,V972,6,5,147.181419542349,118.75600000000001,28.42541954234899
QB,2025,SEASON,V972,7,5,184.87992112391296,196.52799999999996,-11.648078876086998
QB,2025,SEASON,V972,8,5,223.65554620629837,275.96400000000006,-52.30845379370169
QB,2025,SEASON,V972,9,5,242.5601091191157,218.44,24.12010911911571
QB,2025,SEASON,V972,10,6,285.1266610313971,269.59666666666664,15.529994364730442
QB,2025,SEASON,M9,1,6,22.110434824588584,15.390000000000002,6.720434824588581
QB,2025,SEASON,M9,2,5,43.73401137099453,85.18800000000002,-41.45398862900549
QB,2025,SEASON,M9,3,5,71.26643956111738,67.53600000000002,3.7304395611173646
QB,2025,SEASON,M9,4,5,93.68352393225905,35.944,57.73952393225905
QB,2025,SEASON,M9,5,6,111.96451067067443,165.79333333333335,-53.82882266265892
QB,2025,SEASON,M9,6,5,137.38638060001907,185.98,-48.59361939998092
QB,2025,SEASON,M9,7,5,168.83259252859403,209.16800000000003,-40.335407471406
QB,2025,SEASON,M9,8,5,202.744288256297,266.68,-63.935711743702996
QB,2025,SEASON,M9,9,5,222.57106065892754,226.64400000000006,-4.0729393410725265
QB,2025,SEASON,M9,10,6,260.9250656652025,241.99666666666667,18.92839899853584
RB,2022,PPG,V972,1,12,1.9810936776151502,1.1346055088702147,0.8464881687449355
RB,2022,PPG,V972,2,11,3.299478432922667,3.0182708705435983,0.28120756237906885
RB,2022,PPG,V972,3,11,4.370092122836045,3.256717726717727,1.113374396118318
RB,2022,PPG,V972,4,11,5.447116934449859,5.367107328945564,0.08000960550429514
RB,2022,PPG,V972,5,12,6.4589317517739575,4.255973793363499,2.202957958410458
RB,2022,PPG,V972,6,11,7.805985408945684,4.088753942136296,3.7172314668093884
RB,2022,PPG,V972,7,11,8.903363546231503,7.053291953144895,1.850071593086608
RB,2022,PPG,V972,8,11,10.206392684746584,9.659982844695413,0.5464098400511705
RB,2022,PPG,V972,9,11,11.829876422926269,11.181418436732608,0.6484579861936606
RB,2022,PPG,V972,10,12,14.510029872497443,16.00721269947373,-1.497182826976287
RB,2022,PPG,M9,1,12,2.099208392514091,1.0371367739014796,1.0620716186126113
RB,2022,PPG,M9,2,11,3.5465026252638285,3.168376623376624,0.3781260018872046
RB,2022,PPG,M9,3,11,4.372862268527222,4.082876143464379,0.2899861250628435
RB,2022,PPG,M9,4,11,5.2319795725169165,3.6985363247863248,1.5334432477305917
RB,2022,PPG,M9,5,12,6.4827046590000466,4.903821015585722,1.5788836434143247
RB,2022,PPG,M9,6,11,7.701432075588837,3.9962972321795855,3.7051348434092515
RB,2022,PPG,M9,7,11,8.965295371906274,8.617535650623886,0.3477597212823884
RB,2022,PPG,M9,8,11,10.193666154848788,8.502403846153847,1.6912623086949417
RB,2022,PPG,M9,9,11,11.865282139831963,10.63771401281428,1.2275681270176833
RB,2022,PPG,M9,10,12,14.603878844482885,16.301820542610987,-1.6979416981281013
RB,2022,SEASON,V972,1,12,16.633097422221386,13.316666666666665,3.3164307555547214
RB,2022,SEASON,V972,2,11,27.577746764586564,23.290909090909096,4.286837673677468
RB,2022,SEASON,V972,3,11,42.111981416568526,32.97272727272727,9.139254143841256
RB,2022,SEASON,V972,4,11,53.48250215046805,44.40909090909091,9.073411241377144
RB,2022,SEASON,V972,5,12,69.1859543979279,44.56666666666667,24.61928773126123
RB,2022,SEASON,V972,6,11,85.71517134847772,62.61818181818182,23.096989530295907
RB,2022,SEASON,V972,7,11,98.13145929731546,121.17272727272729,-23.041267975411827
RB,2022,SEASON,V972,8,11,115.08222308758519,134.5,-19.41777691241481
RB,2022,SEASON,V972,9,11,135.21776533304867,136.29999999999998,-1.082234666951308
RB,2022,SEASON,V972,10,12,167.7655187382186,237.5916666666667,-69.82614792844811
RB,2022,SEASON,M9,1,12,18.38176772683619,9.275,9.10676772683619
RB,2022,SEASON,M9,2,11,30.321041688781165,22.636363636363637,7.684678052417528
RB,2022,SEASON,M9,3,11,40.342481833858265,40.2,0.14248183385826252
RB,2022,SEASON,M9,4,11,52.987512803842215,40.5,12.487512803842215
RB,2022,SEASON,M9,5,12,68.1252580938482,39.050000000000004,29.0752580938482
RB,2022,SEASON,M9,6,11,84.84873990985297,80.30000000000001,4.548739909852955
RB,2022,SEASON,M9,7,11,97.3525141908513,111.25454545454545,-13.902031263694155
RB,2022,SEASON,M9,8,11,114.09022541332507,104.5090909090909,9.581134504234171
RB,2022,SEASON,M9,9,11,135.8226852958296,166.29090909090908,-30.468223795079496
RB,2022,SEASON,M9,10,12,166.3563030349043,237.5916666666667,-71.2353636317624
RB,2023,PPG,V972,1,11,1.9037365013328873,1.9712579866657407,-0.0675214853328534
RB,2023,PPG,V972,2,11,2.654720965702597,3.1344816294816296,-0.47976066377903237
RB,2023,PPG,V972,3,10,3.474332132412818,2.2068194444444442,1.2675126879683738
RB,2023,PPG,V972,4,11,4.550864031256943,4.440265894236483,0.1105981370204594
RB,2023,PPG,V972,5,11,6.017824928311463,8.172637656461188,-2.1548127281497242
RB,2023,PPG,V972,6,10,7.554898151105725,5.037196078431371,2.5177020726743535
RB,2023,PPG,V972,7,11,8.579142183374122,8.29894047426133,0.2802017091127915
RB,2023,PPG,V972,8,10,9.759803725039419,10.356475490196079,-0.5966717651566604
RB,2023,PPG,V972,9,11,11.538438244474317,9.710416666666667,1.8280215778076503
RB,2023,PPG,V972,10,11,14.219399367392993,14.856559472167762,-0.6371601047747681
RB,2023,PPG,M9,1,11,1.7886133645837605,2.4920455324532864,-0.7034321678695259
RB,2023,PPG,M9,2,11,2.710945896923197,2.280815295815296,0.43013060110790136
RB,2023,PPG,M9,3,10,3.5899163082871595,2.428361111111111,1.1615551971760483
RB,2023,PPG,M9,4,11,4.499552464361272,4.946743166963755,-0.4471907026024837
RB,2023,PPG,M9,5,11,6.049475651917734,7.531728565552095,-1.482252913634361
RB,2023,PPG,M9,6,10,7.5107489861169014,6.397704736440031,1.1130442496768707
RB,2023,PPG,M9,7,11,8.527920087146729,7.790144724556489,0.7377753625902397
RB,2023,PPG,M9,8,10,9.766853529943921,8.654657993966818,1.1121955359771025
RB,2023,PPG,M9,9,11,11.51593740796682,10.501187393266271,1.0147500147005495
RB,2023,PPG,M9,10,11,14.180553563002759,15.150774348200821,-0.9702207851980624
RB,2023,SEASON,V972,1,11,15.788370207764968,9.236363636363636,6.552006571401332
RB,2023,SEASON,V972,2,11,22.62568379541174,43.909090909090914,-21.283407113679175
RB,2023,SEASON,V972,3,10,34.299594525342215,21.009999999999998,13.289594525342217
RB,2023,SEASON,V972,4,11,47.74099254913274,59.17272727272728,-11.431734723594538
RB,2023,SEASON,V972,5,11,61.979979657347094,64.22727272727273,-2.2472930699256395
RB,2023,SEASON,V972,6,10,77.22624411687703,85.39000000000001,-8.163755883122988
RB,2023,SEASON,V972,7,11,98.1473666413515,124.66363636363636,-26.51626972228486
RB,2023,SEASON,V972,8,10,114.92502255072834,166.07,-51.14497744927165
RB,2023,SEASON,V972,9,11,137.74008115113872,143.00000000000003,-5.259918848861304
RB,2023,SEASON,V972,10,11,178.63490170128802,190.90909090909088,-12.274189207802863
RB,2023,SEASON,M9,1,11,15.739573126426137,33.67272727272727,-17.933154146301135
RB,2023,SEASON,M9,2,11,23.093047945408664,15.7,7.393047945408664
RB,2023,SEASON,M9,3,10,34.276276595071906,45.87,-11.593723404928092
RB,2023,SEASON,M9,4,11,46.09779973585733,31.39090909090909,14.706890644948238
RB,2023,SEASON,M9,5,11,63.2245004801412,67.57272727272728,-4.348226792586075
RB,2023,SEASON,M9,6,10,76.30461351717256,91.56000000000002,-15.255386482827461
RB,2023,SEASON,M9,7,11,96.92285163037485,118.82727272727271,-21.904421096897863
RB,2023,SEASON,M9,8,10,114.93561317831981,164.2,-49.264386821680176
RB,2023,SEASON,M9,9,11,136.77442603182624,154.84545454545457,-18.071028513628335
RB,2023,SEASON,M9,10,11,176.75574997056898,186.59999999999994,-9.844250029430953
RB,2024,PPG,V972,1,10,1.2673998354032574,1.191593837535014,0.07580599786824349
RB,2024,PPG,V972,2,10,2.81243548913902,1.303313025210084,1.5091224639289362
RB,2024,PPG,V972,3,10,3.5615793838456953,5.01252380952381,-1.4509444256781143
RB,2024,PPG,V972,4,10,4.620188632510351,3.4033741356682534,1.216814496842098
RB,2024,PPG,V972,5,10,5.58729028638672,7.5580602289867,-1.97076994259998
RB,2024,PPG,V972,6,10,6.821096697910616,6.116685197155786,0.70441150075483
RB,2024,PPG,V972,7,10,8.961707192524477,6.375382225617519,2.5863249669069575
RB,2024,PPG,V972,8,10,10.820497200673698,13.44874824929972,-2.628251048626023
RB,2024,PPG,V972,9,10,12.22665162440506,15.64921600458365,-3.4225643801785903
RB,2024,PPG,V972,10,10,14.11171535631164,14.656981954320191,-0.5452665980085509
RB,2024,PPG,M9,1,10,1.49328924141584,0.7592261904761906,0.7340630509396495
RB,2024,PPG,M9,2,10,2.805918234240634,2.537641456582633,0.2682767776580013
RB,2024,PPG,M9,3,10,3.5187652827402873,3.5602846369316956,-0.041519354191408286
RB,2024,PPG,M9,4,10,4.472030264488149,4.811985857279975,-0.3399555927918261
RB,2024,PPG,M9,5,10,5.698747627030237,7.292874331550803,-1.5941267045205665
RB,2024,PPG,M9,6,10,6.733030609153476,6.295436920922215,0.437593688231261
RB,2024,PPG,M9,7,10,8.934511030133717,6.079679144385027,2.8548318857486894
RB,2024,PPG,M9,8,10,10.746778633928287,12.49725280112045,-1.7504741671921629
RB,2024,PPG,M9,9,10,12.042850912122969,16.13859625668449,-4.0957453445615215
RB,2024,PPG,M9,10,10,13.955223068635451,14.742901071967248,-0.7876780033317967
RB,2024,SEASON,V972,1,10,10.327237791173307,16.01,-5.682762208826695
RB,2024,SEASON,V972,2,10,22.707839006588294,20.610000000000003,2.0978390065882913
RB,2024,SEASON,V972,3,10,35.41636759393715,34.3,1.1163675939371558
RB,2024,SEASON,V972,4,10,47.71286826523248,50.69,-2.977131734767518
RB,2024,SEASON,V972,5,10,64.65156061019587,85.62,-20.968439389804132
RB,2024,SEASON,V972,6,10,80.82370382597728,81.08000000000001,-0.2562961740227365
RB,2024,SEASON,V972,7,10,109.17061960104226,127.58999999999999,-18.419380398957728
RB,2024,SEASON,V972,8,10,131.10874774323898,198.14000000000001,-67.03125225676104
RB,2024,SEASON,V972,9,10,147.31590680477154,202.60999999999999,-55.29409319522844
RB,2024,SEASON,V972,10,10,175.5206044655549,217.32999999999998,-41.80939553444509
RB,2024,SEASON,M9,1,10,13.363091147808543,16.580000000000002,-3.216908852191459
RB,2024,SEASON,M9,2,10,24.138995667345313,19.21,4.928995667345312
RB,2024,SEASON,M9,3,10,33.26436310368922,35.57,-2.30563689631078
RB,2024,SEASON,M9,4,10,43.850077058522686,48.0,-4.149922941477314
RB,2024,SEASON,M9,5,10,63.92156478290919,81.12,-17.19843521709081
RB,2024,SEASON,M9,6,10,79.707068293015,87.83,-8.122931706985
RB,2024,SEASON,M9,7,10,107.96278960424131,130.03,-22.067210395758693
RB,2024,SEASON,M9,8,10,131.30624107185048,186.09,-54.783758928149524
RB,2024,SEASON,M9,9,10,144.08100507864233,221.98000000000002,-77.89899492135768
RB,2024,SEASON,M9,10,10,173.21871104226747,207.57,-34.35128895773252
RB,2025,PPG,V972,1,10,1.122733579602764,0.7614991087344029,0.36123447086836113
RB,2025,PPG,V972,2,10,2.7529442521192573,1.800124561712797,0.9528196904064603
RB,2025,PPG,V972,3,10,3.7734302169944014,2.9137286324786325,0.859701584515769
RB,2025,PPG,V972,4,10,4.498693491287545,3.8589184173669473,0.6397750739205978
RB,2025,PPG,V972,5,10,5.616505906009874,5.3956960784313726,0.22080982757850176
RB,2025,PPG,V972,6,10,6.852031362647812,3.9910377073906482,2.860993655257164
RB,2025,PPG,V972,7,10,8.222692758768348,8.795349924585219,-0.5726571658168709
RB,2025,PPG,V972,8,10,10.28289894340161,10.905956582633054,-0.623057639231444
RB,2025,PPG,V972,9,10,12.64220322188842,12.439865196078433,0.20233802580998805
RB,2025,PPG,V972,10,10,14.959068549915614,16.73902562388592,-1.779957073970305
RB,2025,PPG,M9,1,10,1.3642254073213431,0.6171657754010695,0.7470596319202736
RB,2025,PPG,M9,2,10,2.361561688878232,2.161124561712797,0.2004371271654346
RB,2025,PPG,M9,3,10,3.5456213773536382,1.785262138188609,1.7603592391650293
RB,2025,PPG,M9,4,10,4.261313228487578,4.922817684766215,-0.661504456278637
RB,2025,PPG,M9,5,10,5.121580915953716,4.682126050420168,0.4394548655335484
RB,2025,PPG,M9,6,10,6.656463942374097,4.302969834087481,2.3534941082866165
RB,2025,PPG,M9,7,10,8.408561915445935,9.41709992458522,-1.0085380091392846
RB,2025,PPG,M9,8,10,10.51677654902811,10.533745044171514,-0.016968495143403928
RB,2025,PPG,M9,9,10,12.423974572936128,12.713865196078434,-0.2898906231423055
RB,2025,PPG,M9,10,10,14.78907756158802,16.465025623885918,-1.6759480622978984
RB,2025,SEASON,V972,1,10,9.166383036119287,12.66,-3.4936169638807133
RB,2025,SEASON,V972,2,10,27.372401949084065,16.82,10.552401949084064
RB,2025,SEASON,V972,3,10,37.408664715182226,33.62,3.788664715182229
RB,2025,SEASON,V972,4,10,50.090335633267856,34.66,15.430335633267859
RB,2025,SEASON,V972,5,10,63.378494410820664,111.46000000000001,-48.08150558917934
RB,2025,SEASON,V972,6,10,82.67680724659304,57.77,24.90680724659304
RB,2025,SEASON,V972,7,10,97.17140649169178,97.39,-0.2185935083082171
RB,2025,SEASON,V972,8,10,125.87355306262884,165.11,-39.23644693737117
RB,2025,SEASON,V972,9,10,161.15296313379127,174.74,-13.587036866208734
RB,2025,SEASON,V972,10,10,194.52521226120186,256.9,-62.37478773879812
RB,2025,SEASON,M9,1,10,11.213196572742653,6.9300000000000015,4.283196572742652
RB,2025,SEASON,M9,2,10,23.79917913275981,15.88,7.91917913275981
RB,2025,SEASON,M9,3,10,36.07341184488352,39.85,-3.776588155116478
RB,2025,SEASON,M9,4,10,45.64419409734954,33.12,12.524194097349543
RB,2025,SEASON,M9,5,10,60.97507984363888,78.16000000000001,-17.18492015636113
RB,2025,SEASON,M9,6,10,77.19890823226004,98.51,-21.311091767739967
RB,2025,SEASON,M9,7,10,95.4801903889892,91.92999999999999,3.5501903889892077
RB,2025,SEASON,M9,8,10,128.22628463451684,143.41000000000003,-15.183715365483181
RB,2025,SEASON,M9,9,10,156.96660672679275,171.51000000000002,-14.543393273207272
RB,2025,SEASON,M9,10,10,191.9955704200994,281.83000000000004,-89.83442957990064
TE,2022,PPG,V972,1,10,1.5233168688735186,1.691854700854701,-0.16853783198118233
TE,2022,PPG,V972,2,9,2.47588216974056,2.4529958784860746,0.022886291254485602
TE,2022,PPG,V972,3,9,3.0078927540843505,2.609717134717135,0.39817561936721546
TE,2022,PPG,V972,4,9,3.904704493258749,3.6467712842712845,0.25793320898746463
TE,2022,PPG,V972,5,10,4.947980605322947,6.430317765567766,-1.4823371602448194
TE,2022,PPG,V972,6,9,5.778861629030107,3.5600925925925924,2.2187690364375148
TE,2022,PPG,V972,7,9,6.623096719932708,3.9687733925479023,2.654323327384806
TE,2022,PPG,V972,8,9,7.8410366988579545,7.138172549128432,0.7028641497295229
TE,2022,PPG,V972,9,9,9.5164767685201,10.20911453470277,-0.6926377661826706
TE,2022,PPG,V972,10,10,12.931252102768122,13.150049019607843,-0.2187969168397217
TE,2022,PPG,M9,1,10,2.076991437511445,1.9302991452991454,0.1466922922122995
TE,2022,PPG,M9,2,9,3.01743491761299,2.139117364117364,0.8783175534956262
TE,2022,PPG,M9,3,9,3.482004435959998,2.7853240441475737,0.6966803918124245
TE,2022,PPG,M9,4,9,4.065416672750496,3.728743201243201,0.3366734715072952
TE,2022,PPG,M9,5,10,4.975265268033864,5.023773809523809,-0.04850854148994532
TE,2022,PPG,M9,6,9,5.531907221599725,5.1119301994302,0.41997702216952426
TE,2022,PPG,M9,7,9,6.459077214488792,4.4228081232493,2.0362690912394914
TE,2022,PPG,M9,8,9,8.130513842554457,8.304969913891483,-0.17445607133702623
TE,2022,PPG,M9,9,9,9.5538675489215,7.99422763783058,1.5596399110909207
TE,2022,PPG,M9,10,10,12.701961427713865,13.506813725490199,-0.8048522977763337
TE,2022,SEASON,V972,1,10,13.3386666570532,16.46,-3.1213333429468015
TE,2022,SEASON,V972,2,9,22.517049605703512,23.555555555555557,-1.0385059498520448
TE,2022,SEASON,V972,3,9,27.700129582785554,23.599999999999998,4.100129582785556
TE,2022,SEASON,V972,4,9,39.49538632937649,38.36666666666667,1.1287196627098197
TE,2022,SEASON,V972,5,10,54.94967347561908,70.66000000000001,-15.710326524380932
TE,2022,SEASON,V972,6,9,64.32881281193414,43.82222222222222,20.50659058971192
TE,2022,SEASON,V972,7,9,75.4369733727233,41.14444444444444,34.29252892827886
TE,2022,SEASON,V972,8,9,92.06133889837274,98.6111111111111,-6.549772212738361
TE,2022,SEASON,V972,9,9,117.7910849800171,165.94444444444446,-48.15335946442735
TE,2022,SEASON,V972,10,10,160.6245579313762,179.84,-19.215442068623815
TE,2022,SEASON,M9,1,10,18.36608607850534,15.64,2.7260860785053396
TE,2022,SEASON,M9,2,9,28.387039977225555,17.488888888888887,10.898151088336668
TE,2022,SEASON,M9,3,9,32.40646817434307,24.266666666666666,8.139801507676403
TE,2022,SEASON,M9,4,9,40.07934710990795,48.144444444444446,-8.065097334536496
TE,2022,SEASON,M9,5,10,54.5851225112148,47.720000000000006,6.865122511214793
TE,2022,SEASON,M9,6,9,62.997781448730365,59.97777777777779,3.020003670952576
TE,2022,SEASON,M9,7,9,74.36211085555533,46.31111111111111,28.05099974444422
TE,2022,SEASON,M9,8,9,92.65005732120909,105.27777777777777,-12.627720456568682
TE,2022,SEASON,M9,9,9,116.14552841832898,151.93333333333334,-35.78780491500436
TE,2022,SEASON,M9,10,10,156.19651783728386,187.08,-30.88348216271615
TE,2023,PPG,V972,1,9,1.9011269173940795,1.1896825396825397,0.7114443777115398
TE,2023,PPG,V972,2,9,2.781570055334412,1.8073148148148148,0.9742552405195972
TE,2023,PPG,V972,3,9,3.5154606596999303,2.4778395061728395,1.0376211535270907
TE,2023,PPG,V972,4,9,4.3672723739197075,4.273789717907365,0.09348265601234207
TE,2023,PPG,V972,5,9,4.988452934882513,4.100807217473885,0.8876457174086285
TE,2023,PPG,V972,6,9,6.007209545646193,4.864581388110801,1.142628157535392
TE,2023,PPG,V972,7,9,7.31656015057821,5.851785444947209,1.464774705631001
TE,2023,PPG,V972,8,9,8.721675544689722,7.469088269210819,1.252587275478903
TE,2023,PPG,V972,9,9,9.891491161514905,9.989354395604396,-0.09786323408949116
TE,2023,PPG,V972,10,9,12.391261773869665,13.317653071329541,-0.926391297459876
TE,2023,PPG,M9,1,9,2.007244804135605,1.2206481481481481,0.7865966559874566
TE,2023,PPG,M9,2,9,2.860910615970596,1.329126984126984,1.531783631843612
TE,2023,PPG,M9,3,9,3.630749449249371,2.6948148148148148,0.935934634434556
TE,2023,PPG,M9,4,9,4.156065221860513,3.4277521860855193,0.7283130357749936
TE,2023,PPG,M9,5,9,4.783001332014952,5.007575993360308,-0.22457466134535586
TE,2023,PPG,M9,6,9,5.584142069885171,4.878819279848692,0.7053227900364796
TE,2023,PPG,M9,7,9,6.72831039860709,6.171646556058321,0.5566638425487689
TE,2023,PPG,M9,8,9,8.006578314778464,7.075616046988596,0.9309622677898677
TE,2023,PPG,M9,9,9,10.005001412507761,9.92139083139083,0.08361058111693076
TE,2023,PPG,M9,10,9,12.733098562712094,13.614505524431994,-0.8814069617199003
TE,2023,SEASON,V972,1,9,15.227271716010844,10.566666666666666,4.660605049344177
TE,2023,SEASON,V972,2,9,26.691550608064414,13.455555555555556,13.235995052508859
TE,2023,SEASON,V972,3,9,34.978910351864485,7.455555555555555,27.52335479630893
TE,2023,SEASON,V972,4,9,41.13920255734694,63.03333333333333,-21.89413077598639
TE,2023,SEASON,V972,5,9,54.008778954100116,38.91111111111112,15.097667842988997
TE,2023,SEASON,V972,6,9,67.89311390007344,86.62222222222223,-18.72910832214879
TE,2023,SEASON,V972,7,9,89.4697644318299,83.23333333333332,6.236431098496581
TE,2023,SEASON,V972,8,9,104.43731827943407,78.3111111111111,26.126207168322964
TE,2023,SEASON,V972,9,9,119.25724459754605,135.48888888888888,-16.231644291342832
TE,2023,SEASON,V972,10,9,157.24629383131412,210.8222222222222,-53.575928390908075
TE,2023,SEASON,M9,1,9,17.042992624352067,8.899999999999999,8.142992624352068
TE,2023,SEASON,M9,2,9,27.222684330632923,12.066666666666666,15.156017663966256
TE,2023,SEASON,M9,3,9,34.67290834054861,9.544444444444444,25.128463896104165
TE,2023,SEASON,M9,4,9,41.606235483533666,35.5,6.106235483533666
TE,2023,SEASON,M9,5,9,50.46244984089497,69.05555555555556,-18.593105714660588
TE,2023,SEASON,M9,6,9,62.8146650085645,65.38888888888887,-2.574223880324368
TE,2023,SEASON,M9,7,9,80.09296009822394,94.83333333333333,-14.740373235109388
TE,2023,SEASON,M9,8,9,96.11758247389827,88.45555555555556,7.662026918342704
TE,2023,SEASON,M9,9,9,120.6747838723818,148.97777777777776,-28.302993905395965
TE,2023,SEASON,M9,10,9,158.67661010496636,195.17777777777778,-36.50116767281142
TE,2024,PPG,V972,1,9,1.5854387150748719,1.6031878306878307,-0.017749115612958777
TE,2024,PPG,V972,2,9,2.492212370199477,3.314965404965405,-0.822753034765928
TE,2024,PPG,V972,3,9,3.067097656711748,2.4464670514670512,0.6206306052446968
TE,2024,PPG,V972,4,8,4.127975870522237,4.600638354700855,-0.47266248417861867
TE,2024,PPG,V972,5,9,4.582040851582742,3.6664098401598406,0.9156310114229016
TE,2024,PPG,V972,6,9,5.302496487416923,4.2762542794895735,1.0262422079273499
TE,2024,PPG,V972,7,8,6.711631649391847,6.208513774828113,0.5031178745637339
TE,2024,PPG,V972,8,9,8.013836093071486,10.65704170557112,-2.6432056124996333
TE,2024,PPG,V972,9,9,9.896518899097105,9.486633807369103,0.40988509172800214
TE,2024,PPG,V972,10,9,12.802932035628846,14.054751023304943,-1.2518189876760974
TE,2024,PPG,M9,1,9,1.8125633450083047,1.4009656084656084,0.4115977365426964
TE,2024,PPG,M9,2,9,2.6522433327760857,3.2254415954415956,-0.5731982626655099
TE,2024,PPG,M9,3,9,3.271364244214711,3.4813832772166107,-0.21001903300189984
TE,2024,PPG,M9,4,8,3.8236568113474405,3.5349885531135534,0.2886682582338871
TE,2024,PPG,M9,5,9,4.398336550686867,4.5825053894906835,-0.1841688388038163
TE,2024,PPG,M9,6,9,5.128448537544013,4.939133597883598,0.18931493966041568
TE,2024,PPG,M9,7,8,6.52737019004924,5.9162146676852565,0.6111555223639833
TE,2024,PPG,M9,8,9,8.20284385932241,9.541962340491754,-1.3391184811693435
TE,2024,PPG,M9,9,9,9.765906093105592,9.423240950226244,0.3426651428793477
TE,2024,PPG,M9,10,9,12.978143430298168,14.1181438804478,-1.140000450149632
TE,2024,SEASON,V972,1,9,12.841568948166984,22.37777777777778,-9.536208829610796
TE,2024,SEASON,V972,2,9,21.211217075673805,26.84444444444445,-5.633227368770644
TE,2024,SEASON,V972,3,9,29.377718801028422,26.322222222222223,3.055496578806199
TE,2024,SEASON,V972,4,8,43.54551115085617,35.525,8.020511150856173
TE,2024,SEASON,V972,5,9,50.93331483596822,57.022222222222226,-6.088907386254007
TE,2024,SEASON,V972,6,9,61.63635424269283,82.02222222222223,-20.385867979529394
TE,2024,SEASON,V972,7,8,77.77024180032573,88.41250000000001,-10.642258199674274
TE,2024,SEASON,V972,8,9,97.51424213862636,115.89999999999999,-18.385757861373634
TE,2024,SEASON,V972,9,9,124.95177989341735,159.05555555555554,-34.10377566213819
TE,2024,SEASON,V972,10,9,168.53754278479124,189.07777777777775,-20.540234992986512
TE,2024,SEASON,M9,1,9,15.04830221942277,15.97777777777778,-0.9294755583550103
TE,2024,SEASON,M9,2,9,22.81409710944085,24.58888888888889,-1.7747917794480372
TE,2024,SEASON,M9,3,9,30.89631264162328,44.56666666666666,-13.670354025043384
TE,2024,SEASON,M9,4,8,39.66636786970303,48.7625,-9.096132130296972
TE,2024,SEASON,M9,5,9,49.48513016696026,34.833333333333336,14.651796833626925
TE,2024,SEASON,M9,6,9,58.61646491163132,74.33333333333333,-15.71686842170201
TE,2024,SEASON,M9,7,8,74.8223031618921,87.55000000000001,-12.727696838107917
TE,2024,SEASON,M9,8,9,97.72002844080556,153.05555555555554,-55.33552711474998
TE,2024,SEASON,M9,9,9,124.67329308510352,131.1888888888889,-6.515595803785374
TE,2024,SEASON,M9,10,9,168.98052817131457,189.07777777777775,-20.09724960646318
TE,2025,PPG,V972,1,10,0.9332987915370957,1.3888080808080807,-0.455509289270985
TE,2025,PPG,V972,2,10,2.1003191690273963,2.076410644910645,0.023908524116751373
TE,2025,PPG,V972,3,9,2.7661250422339014,2.5054298941798945,0.26069514805400695
TE,2025,PPG,V972,4,10,3.3928718515445846,3.4978286713286715,-0.10495681978408689
TE,2025,PPG,V972,5,9,4.141180237399516,3.942680097680098,0.19850013971941838
TE,2025,PPG,V972,6,10,5.20356167800637,5.349970719639837,-0.14640904163346757
TE,2025,PPG,V972,7,9,6.728302682397697,5.424874338624338,1.3034283437733585
TE,2025,PPG,V972,8,10,8.713259209926687,10.037354449472094,-1.3240952395454073
TE,2025,PPG,V972,9,9,10.109802656717854,10.832150997150997,-0.7223483404331432
TE,2025,PPG,V972,10,10,13.557208337498547,12.019444775812422,1.5377635616861252
TE,2025,PPG,M9,1,10,1.3799892651508041,0.8886414141414141,0.49134785100939005
TE,2025,PPG,M9,2,10,2.3566558147081706,2.4847505411255413,-0.12809472641737063
TE,2025,PPG,M9,3,9,2.8436785474859816,2.492644824311491,0.35103372317449066
TE,2025,PPG,M9,4,10,3.330900465488276,3.421356143856144,-0.09045567836786805
TE,2025,PPG,M9,5,9,4.122011075341072,3.9797034447034445,0.1423076306376272
TE,2025,PPG,M9,6,10,4.947922886877153,5.8463365205056395,-0.8984136336284863
TE,2025,PPG,M9,7,9,6.450132380640117,4.703810032560033,1.746322348080084
TE,2025,PPG,M9,8,10,8.692014591506902,9.958320512820514,-1.2663059213136112
TE,2025,PPG,M9,9,9,10.082136239342013,10.652274174627117,-0.5701379352851035
TE,2025,PPG,M9,10,10,13.720796290226238,12.55944477581242,1.161351514413818
TE,2025,SEASON,V972,1,10,6.993252121004777,11.589999999999998,-4.596747878995221
TE,2025,SEASON,V972,2,10,17.58874707538926,11.99,5.5987470753892605
TE,2025,SEASON,V972,3,9,27.378633053875358,36.733333333333334,-9.354700279457976
TE,2025,SEASON,V972,4,10,37.08791867807539,28.640000000000004,8.447918678075386
TE,2025,SEASON,V972,5,9,45.771417731131336,42.74444444444444,3.0269732866868964
TE,2025,SEASON,V972,6,10,58.373720656045975,57.06,1.313720656045973
TE,2025,SEASON,V972,7,9,84.2189096974987,95.65555555555555,-11.436645858056849
TE,2025,SEASON,V972,8,10,107.14672755265147,133.73,-26.58327244734852
TE,2025,SEASON,V972,9,9,127.8855728455659,152.9,-25.014427154434102
TE,2025,SEASON,V972,10,10,171.4420567709111,167.26000000000002,4.182056770911089
TE,2025,SEASON,M9,1,10,10.813599164320978,6.239999999999999,4.573599164320979
TE,2025,SEASON,M9,2,10,21.36569377084467,13.27,8.095693770844669
TE,2025,SEASON,M9,3,9,26.686451012324724,33.0,-6.313548987675276
TE,2025,SEASON,M9,4,10,35.776746106333135,34.93,0.8467461063331356
TE,2025,SEASON,M9,5,9,44.26035942926782,38.86666666666666,5.393692762601162
TE,2025,SEASON,M9,6,10,57.11602067872335,55.660000000000004,1.4560206787233483
TE,2025,SEASON,M9,7,9,76.46358648360561,102.35555555555555,-25.891969071949944
TE,2025,SEASON,M9,8,10,108.46338112514593,125.6,-17.136618874854065
TE,2025,SEASON,M9,9,9,127.17702385469553,153.63333333333333,-26.45630947863779
TE,2025,SEASON,M9,10,10,168.98359878217633,174.73000000000002,-5.7464012178236885
WR,2022,PPG,V972,1,18,1.2702575285963233,2.522530864197531,-1.2522733356012077
WR,2022,PPG,V972,2,18,2.311350575860783,2.3219242141300964,-0.010573638269313346
WR,2022,PPG,V972,3,17,3.383601609483136,3.3333572569299217,0.050244352553214355
WR,2022,PPG,V972,4,18,4.494067640079597,4.441250365919483,0.05281727416011339
WR,2022,PPG,V972,5,18,5.8769453016052395,4.598702536570183,1.2782427650350563
WR,2022,PPG,V972,6,17,6.950002234821689,5.5183716744616405,1.4316305603600483
WR,2022,PPG,V972,7,18,8.070927839568565,6.906877089867286,1.1640507497012793
WR,2022,PPG,V972,8,17,9.574386715156376,7.540522530141908,2.033864185014467
WR,2022,PPG,V972,9,18,11.842832693817856,12.93077783237097,-1.0879451385531134
WR,2022,PPG,V972,10,18,14.947464941580275,15.774950207290892,-0.8274852657106173
WR,2022,PPG,M9,1,18,1.63926316405819,1.904814814814815,-0.2655516507566249
WR,2022,PPG,M9,2,18,2.5073029241875116,2.6836878825604313,-0.1763849583729198
WR,2022,PPG,M9,3,17,3.3970420312021785,4.073921251758622,-0.6768792205564438
WR,2022,PPG,M9,4,18,4.6152591774267755,3.3198172864716984,1.2954418909550771
WR,2022,PPG,M9,5,18,5.674698778974064,4.71289329815065,0.961805480823414
WR,2022,PPG,M9,6,17,6.890644644482194,6.1380699044323626,0.7525747400498313
WR,2022,PPG,M9,7,18,7.972796909842667,6.915798558739735,1.0569983511029317
WR,2022,PPG,M9,8,17,9.44186440174483,8.087102638806792,1.354761762938038
WR,2022,PPG,M9,9,18,11.661313607794515,12.76907088463461,-1.1077572768400952
WR,2022,PPG,M9,10,18,14.650488803515003,15.390023736702656,-0.7395349331876524
WR,2022,SEASON,V972,1,18,11.018550222042839,25.4,-14.38144977795716
WR,2022,SEASON,V972,2,18,21.292259533445904,18.77777777777778,2.5144817556681254
WR,2022,SEASON,V972,3,17,34.46684530108069,45.964705882352945,-11.497860581272256
WR,2022,SEASON,V972,4,18,48.53212888122357,46.28333333333333,2.2487955478902393
WR,2022,SEASON,V972,5,18,68.8363841287121,59.62777777777777,9.208606350934325
WR,2022,SEASON,V972,6,17,80.12822597831553,75.51764705882354,4.610578919491985
WR,2022,SEASON,V972,7,18,95.36834426469926,78.37222222222222,16.99612204247704
WR,2022,SEASON,V972,8,17,119.60250358315052,97.27647058823528,22.326032994915238
WR,2022,SEASON,V972,9,18,152.149102351283,196.73888888888888,-44.589786537605875
WR,2022,SEASON,V972,10,18,198.70848259581834,224.9388888888889,-26.23040629307056
WR,2022,SEASON,M9,1,18,15.225887789157674,16.01111111111111,-0.7852233219534348
WR,2022,SEASON,M9,2,18,23.728724299747974,22.56666666666667,1.1620576330813037
WR,2022,SEASON,M9,3,17,33.91141668822095,35.66470588235294,-1.7532891941319875
WR,2022,SEASON,M9,4,18,48.58989528918702,63.78888888888889,-15.198993599701872
WR,2022,SEASON,M9,5,18,66.13044367540469,50.483333333333334,15.647110342071358
WR,2022,SEASON,M9,6,17,78.93529782730695,79.76470588235294,-0.8294080550459881
WR,2022,SEASON,M9,7,18,93.28301888570812,78.97777777777779,14.305241107930328
WR,2022,SEASON,M9,8,17,115.14478351592209,95.05294117647058,20.091842339451503
WR,2022,SEASON,M9,9,18,147.01268572506285,195.89999999999998,-48.887314274937125
WR,2022,SEASON,M9,10,18,193.93202824819073,230.22777777777776,-36.29574952958703
WR,2023,PPG,V972,1,16,1.563406350371542,1.3350056101986252,0.2284007401729169
WR,2023,PPG,V972,2,16,2.702494339995954,2.0027859869909506,0.6997083530050032
WR,2023,PPG,V972,3,16,3.7542356199643594,3.1090532838281,0.6451823361362594
WR,2023,PPG,V972,4,16,4.762843520280567,3.9463401875901876,0.8165033326903797
WR,2023,PPG,V972,5,16,6.314821725550333,4.562836395630513,1.7519853299198198
WR,2023,PPG,V972,6,16,7.396637269615106,5.07715204984966,2.319485219765446
WR,2023,PPG,V972,7,16,8.405563416250905,7.042362205298786,1.363201210952119
WR,2023,PPG,V972,8,16,9.84108985416253,9.104364282061892,0.7367255721006369
WR,2023,PPG,V972,9,16,12.044970295486834,13.079577362996481,-1.034607067509647
WR,2023,PPG,V972,10,16,15.136268398454213,16.792417733920495,-1.6561493354662815
WR,2023,PPG,M9,1,16,1.6473162966037966,1.0617504018652917,0.585565894738505
WR,2023,PPG,M9,2,16,2.6257700779267372,2.4689717023172904,0.15679837560944687
WR,2023,PPG,M9,3,16,3.7699571838906394,3.4299943219566384,0.33996286193400094
WR,2023,PPG,M9,4,16,4.798383344566382,3.304897108100233,1.4934862364661488
WR,2023,PPG,M9,5,16,6.251418796735688,4.830054840992341,1.421363955743347
WR,2023,PPG,M9,6,16,7.255369037325318,4.888759734444477,2.366609302880841
WR,2023,PPG,M9,7,16,8.565395115633274,7.618694269374416,0.9467008462588584
WR,2023,PPG,M9,8,16,9.980625536048038,8.614669779260772,1.3659557567872653
WR,2023,PPG,M9,9,16,11.861670319722759,13.42626853946707,-1.5645982197443118
WR,2023,PPG,M9,10,16,15.124923924051776,16.40783440058716,-1.282910476535383
WR,2023,SEASON,V972,1,16,12.81045701715695,14.31875,-1.5082929828430505
WR,2023,SEASON,V972,2,16,26.341708949211586,21.93125,4.410458949211588
WR,2023,SEASON,V972,3,16,40.87856745079156,28.29375,12.584817450791558
WR,2023,SEASON,V972,4,16,55.947668905684424,49.41875,6.528918905684421
WR,2023,SEASON,V972,5,16,72.25825233750194,49.28125,22.977002337501943
WR,2023,SEASON,V972,6,16,85.4956120938513,99.18125,-13.685637906148699
WR,2023,SEASON,V972,7,16,98.72589647182207,66.78125,31.944646471822068
WR,2023,SEASON,V972,8,16,123.17410425600495,140.63125,-17.457145743995042
WR,2023,SEASON,V972,9,16,150.84348652809024,185.59375,-34.75026347190976
WR,2023,SEASON,V972,10,16,192.29880303272006,253.21875,-60.91994696727994
WR,2023,SEASON,M9,1,16,14.634298499402979,14.08125,0.5530484994029781
WR,2023,SEASON,M9,2,16,24.67226389373415,19.112499999999997,5.559763893734154
WR,2023,SEASON,M9,3,16,39.465842663064834,35.66875,3.7970926630648307
WR,2023,SEASON,M9,4,16,56.377177544719174,38.40625,17.970927544719174
WR,2023,SEASON,M9,5,16,72.13276147587425,58.349999999999994,13.782761475874253
WR,2023,SEASON,M9,6,16,85.93753731721924,71.775,14.162537317219233
WR,2023,SEASON,M9,7,16,97.7337564331983,87.38125000000001,10.352506433198286
WR,2023,SEASON,M9,8,16,122.76799373401077,123.39999999999999,-0.6320062659892187
WR,2023,SEASON,M9,9,16,148.2911234608688,208.08125,-59.79012653913122
WR,2023,SEASON,M9,10,16,189.12340195486345,252.39375,-63.27034804513656
WR,2024,PPG,V972,1,17,1.5325499256029926,2.071518350930116,-0.5389684253271232
WR,2024,PPG,V972,2,16,2.6469651996224908,2.1101779990842493,0.5367872005382415
WR,2024,PPG,V972,3,16,3.4905363685970636,4.080507972419737,-0.589971603822673
WR,2024,PPG,V972,4,17,4.165092363531226,4.463685121107266,-0.2985927575760403
WR,2024,PPG,V972,5,16,4.956313121089905,5.402017777463549,-0.4457046563736444
WR,2024,PPG,V972,6,16,6.415745897833588,5.7814706387362635,0.6342752590973246
WR,2024,PPG,V972,7,17,8.283692550815418,7.629140756878647,0.6545517939367711
WR,2024,PPG,V972,8,16,10.107346260013504,10.99487979085865,-0.8875335308451469
WR,2024,PPG,V972,9,16,12.156119820635794,11.90918474601379,0.24693507462200515
WR,2024,PPG,V972,10,17,15.784199943877365,15.224596317753758,0.5596036261236073
WR,2024,PPG,M9,1,17,1.2627899407145464,1.9164461682108742,-0.6536562274963278
WR,2024,PPG,M9,2,16,2.5104932390287784,2.734584444354665,-0.22409120532588656
WR,2024,PPG,M9,3,16,3.3282572980136855,3.518045104405399,-0.18978780639171333
WR,2024,PPG,M9,4,17,4.096412858992546,4.460380004943154,-0.36396714595060775
WR,2024,PPG,M9,5,16,4.9895937352952,5.095048798219754,-0.10545506292455364
WR,2024,PPG,M9,6,16,6.287186007669743,5.976219093406593,0.31096691426315015
WR,2024,PPG,M9,7,17,8.211094270305951,8.085216960087203,0.1258773102187476
WR,2024,PPG,M9,8,16,10.20462481325957,10.449439887624631,-0.24481507436506078
WR,2024,PPG,M9,9,16,12.052905427766362,12.433738452111614,-0.380833024345252
WR,2024,PPG,M9,10,17,15.481735652457541,14.99387449056134,0.4878611618962001
WR,2024,SEASON,V972,1,17,14.564548970878153,27.535294117647055,-12.970745146768902
WR,2024,SEASON,V972,2,16,28.824928911034675,18.3,10.524928911034674
WR,2024,SEASON,V972,3,16,38.365684012992986,43.6,-5.234315987007015
WR,2024,SEASON,V972,4,17,48.46311215426552,61.152941176470584,-12.689829022205068
WR,2024,SEASON,V972,5,16,59.56576899768387,74.09375,-14.527981002316132
WR,2024,SEASON,V972,6,16,79.35090913047034,75.88125000000001,3.4696591304703333
WR,2024,SEASON,V972,7,17,97.91535215594816,106.38235294117648,-8.467000785228322
WR,2024,SEASON,V972,8,16,122.99856599575003,134.81875000000002,-11.820184004249995
WR,2024,SEASON,V972,9,16,157.07947045303064,175.55625,-18.476779546969368
WR,2024,SEASON,V972,10,17,204.57070837358177,211.90588235294115,-7.335173979359382
WR,2024,SEASON,M9,1,17,12.70845516241578,22.57058823529412,-9.862133072878342
WR,2024,SEASON,M9,2,16,27.447749087166468,28.806250000000002,-1.3585009128335344
WR,2024,SEASON,M9,3,16,35.8220655973318,28.8125,7.0095655973318
WR,2024,SEASON,M9,4,17,46.583459071142684,62.74117647058824,-16.15771739944556
WR,2024,SEASON,M9,5,16,58.71023878870771,72.01249999999999,-13.302261211292276
WR,2024,SEASON,M9,6,16,77.41835359812981,83.05625,-5.637896401870194
WR,2024,SEASON,M9,7,17,98.65922196092369,102.39999999999999,-3.7407780390763037
WR,2024,SEASON,M9,8,16,122.65041662094703,140.29375000000002,-17.64333337905299
WR,2024,SEASON,M9,9,16,154.82853789300012,175.03125,-20.202712106999883
WR,2024,SEASON,M9,10,17,198.9775381394498,213.8411764705882,-14.863638331138418
WR,2025,PPG,V972,1,17,1.1113947410123242,1.5453886929103193,-0.43399395189799517
WR,2025,PPG,V972,2,16,2.0986759448662218,2.011989889705882,0.08668605516033967
WR,2025,PPG,V972,3,17,2.99903741502626,2.2040432606609075,0.7949941543653525
WR,2025,PPG,V972,4,16,4.285833711160599,3.3914858471797813,0.8943478639808178
WR,2025,PPG,V972,5,17,5.635450827776875,5.781291372506771,-0.1458405447298956
WR,2025,PPG,V972,6,16,7.108628849436327,6.0608704816425405,1.0477583677937865
WR,2025,PPG,V972,7,16,8.12180500882491,7.5135941667605275,0.6082108420643833
WR,2025,PPG,V972,8,17,10.19941291115098,10.405893617628045,-0.20648070647706618
WR,2025,PPG,V972,9,16,12.242539170350184,11.955046831232494,0.2874923391176907
WR,2025,PPG,V972,10,17,15.118746114051605,14.204582947809591,0.9141631662420142
WR,2025,PPG,M9,1,17,1.3150392467395227,1.3745267117542204,-0.059487465014697705
WR,2025,PPG,M9,2,16,2.252204091547964,1.6828977318637248,0.5693063596842394
WR,2025,PPG,M9,3,17,3.133867086891583,2.555227272727273,0.5786398141643101
WR,2025,PPG,M9,4,16,4.187966313690525,4.076273853291317,0.11169246039920822
WR,2025,PPG,M9,5,17,5.6082732168526785,5.275892964686218,0.3323802521664607
WR,2025,PPG,M9,6,16,6.889296113099999,6.99411942020398,-0.10482330710398102
WR,2025,PPG,M9,7,16,8.216991251671866,6.188871155396891,2.028120096274975
WR,2025,PPG,M9,8,17,10.200429672554579,10.764643617628046,-0.5642139450734671
WR,2025,PPG,M9,9,16,12.331152032963889,10.682537640056022,1.6486143929078665
WR,2025,PPG,M9,10,17,15.090232187418462,15.402238657152152,-0.3120064697336904
WR,2025,SEASON,V972,1,17,9.336590980998846,13.976470588235292,-4.6398796072364465
WR,2025,SEASON,V972,2,16,19.360427055918837,16.0,3.360427055918837
WR,2025,SEASON,V972,3,17,32.473801655425405,22.976470588235294,9.49733106719011
WR,2025,SEASON,V972,4,16,48.95500146066096,39.206250000000004,9.748751460660955
WR,2025,SEASON,V972,5,17,67.79030650714876,73.57058823529412,-5.7802817281453684
WR,2025,SEASON,V972,6,16,86.28889908431859,105.1625,-18.873600915681408
WR,2025,SEASON,V972,7,16,99.0456729434205,86.44375,12.601922943420504
WR,2025,SEASON,V972,8,17,124.26090034890545,130.33529411764707,-6.074393768741615
WR,2025,SEASON,V972,9,16,152.03128496492047,169.925,-17.893715035079538
WR,2025,SEASON,V972,10,17,189.99000969484473,201.58823529411765,-11.598225599272922
WR,2025,SEASON,M9,1,17,11.782970056502657,14.1,-2.3170299434973423
WR,2025,SEASON,M9,2,16,21.424891516537198,15.3875,6.037391516537198
WR,2025,SEASON,M9,3,17,32.40751354807927,24.905882352941177,7.501631195138096
WR,2025,SEASON,M9,4,16,47.43625735891149,47.76875,-0.33249264108850696
WR,2025,SEASON,M9,5,17,66.90296377882646,67.17647058823529,-0.2735068094088291
WR,2025,SEASON,M9,6,16,84.91296288917474,87.56875000000001,-2.6557871108252726
WR,2025,SEASON,M9,7,16,98.63825726520659,90.03125,8.60700726520659
WR,2025,SEASON,M9,8,17,125.22635088070683,146.04117647058825,-20.814825589881423
WR,2025,SEASON,M9,9,16,151.17566632524193,163.86875,-12.693083674758071
WR,2025,SEASON,M9,10,17,187.1771370368981,201.62352941176474,-14.446392374866633
