position,feature,source_scope,evidence_target,consumer,mean_improvement,fdr_q,evidence_tier,activation_status,auto_activation
QB,qb_pass_attempt_share_prior4,component,pass_volume,qb_pass_volume,0.02225161048507822,0.7647058823529411,tier1_temporal_gate_only,research_only_manual_integration_required,False
QB,snap_share_prior4,component,pass_volume,qb_pass_volume,0.021071686931190263,0.7647058823529411,tier1_temporal_gate_only,research_only_manual_integration_required,False
QB,qb_pass_attempt_share_prior4,component,yards_per_attempt,qb_passing_efficiency,0.01005671793925942,0.7222222222222222,tier1_temporal_gate_only,research_only_manual_integration_required,False
QB,m7_qb_rush_goal_role,component,rush_volume,qb_rush_volume,0.0231419624265399,0.45882352941176474,tier1_temporal_gate_only,research_only_manual_integration_required,False
QB,qb_rush_share_prior4,component,rush_volume,qb_rush_volume,0.07128761067994391,0.45882352941176474,tier1_temporal_gate_only,research_only_manual_integration_required,False
RB,backfield_competition_index_prior4,horizon,breakout,breakout_probability,0.024413874773254452,0.23529411764705882,tier1_temporal_gate_only,research_only_manual_integration_required,False
RB,backfield_competitor_count,horizon,breakout,breakout_probability,0.011709825274575812,0.23529411764705882,tier1_temporal_gate_only,research_only_manual_integration_required,False
RB,carry_share_prior4,horizon,breakout,breakout_probability,0.04680725184847078,0.23529411764705882,tier1_temporal_gate_only,research_only_manual_integration_required,False
RB,offense_snap_share_prior4,horizon,breakout,breakout_probability,0.05340542489549959,0.23529411764705882,tier1_temporal_gate_only,research_only_manual_integration_required,False
RB,red_zone_carry_share_prior4,horizon,breakout,breakout_probability,0.012670742403568653,0.2777777777777778,tier1_temporal_gate_only,research_only_manual_integration_required,False
RB,offense_snap_share_prior4,horizon,ceiling,ceiling_upside_distribution,0.014757886694860379,0.39215686274509803,tier1_temporal_gate_only,research_only_manual_integration_required,False
RB,backfield_competition_index_prior4,horizon,floor,floor_risk_distribution,0.015687300384899468,0.23529411764705882,tier1_temporal_gate_only,research_only_manual_integration_required,False
RB,backfield_competitor_count,horizon,floor,floor_risk_distribution,0.015187205867439657,0.23529411764705882,tier1_temporal_gate_only,research_only_manual_integration_required,False
RB,carry_share_prior4,horizon,floor,floor_risk_distribution,0.0292715644218067,0.23529411764705882,tier1_temporal_gate_only,research_only_manual_integration_required,False
RB,offense_snap_share_prior4,horizon,floor,floor_risk_distribution,0.042461420196987086,0.23529411764705882,tier1_temporal_gate_only,research_only_manual_integration_required,False
RB,backfield_competition_index_prior4,horizon,next_3_games,next3_projection,0.01864133480096707,0.23529411764705882,tier1_temporal_gate_only,research_only_manual_integration_required,False
RB,backfield_competitor_count,horizon,next_3_games,next3_projection,0.011121944382301298,0.23529411764705882,tier1_temporal_gate_only,research_only_manual_integration_required,False
RB,carry_share_prior4,horizon,next_3_games,next3_projection,0.03332856316170856,0.23529411764705882,tier1_temporal_gate_only,research_only_manual_integration_required,False
RB,offense_snap_share_prior4,horizon,next_3_games,next3_projection,0.034008872748994286,0.23529411764705882,tier1_temporal_gate_only,research_only_manual_integration_required,False
RB,backfield_competition_index_prior4,component,carry_volume,rb_carry_volume,0.05864711083351928,0.16806722689075632,tier1_temporal_gate_only,research_only_manual_integration_required,False
RB,backfield_competitor_count,component,carry_volume,rb_carry_volume,0.012584866254329932,0.16806722689075632,tier1_temporal_gate_only,research_only_manual_integration_required,False
RB,carry_share_prior4,component,carry_volume,rb_carry_volume,0.10763376124036161,0.16806722689075632,tier1_temporal_gate_only,research_only_manual_integration_required,False
RB,inside_5_carry_share_prior4,component,carry_volume,rb_carry_volume,0.019787446043045904,0.16806722689075632,tier1_temporal_gate_only,research_only_manual_integration_required,False
RB,offense_snap_share_prior4,component,carry_volume,rb_carry_volume,0.07789006476364192,0.16806722689075632,tier1_temporal_gate_only,research_only_manual_integration_required,False
RB,red_zone_carry_share_prior4,component,carry_volume,rb_carry_volume,0.03333615387301458,0.16806722689075632,tier1_temporal_gate_only,research_only_manual_integration_required,False
RB,target_share_prior4,component,carry_volume,rb_carry_volume,0.02685363553354934,0.16806722689075632,tier1_temporal_gate_only,research_only_manual_integration_required,False
RB,backfield_competition_index_prior4,component,target_volume,receiving_target_volume,0.031891855068659984,0.16806722689075632,tier1_temporal_gate_only,research_only_manual_integration_required,False
RB,backfield_competitor_count,component,target_volume,receiving_target_volume,0.011930692388024158,0.16806722689075632,tier1_temporal_gate_only,research_only_manual_integration_required,False
RB,carry_share_prior4,component,target_volume,receiving_target_volume,0.044140721428836634,0.16806722689075632,tier1_temporal_gate_only,research_only_manual_integration_required,False
RB,offense_snap_share_prior4,component,target_volume,receiving_target_volume,0.07798230002435694,0.16806722689075632,tier1_temporal_gate_only,research_only_manual_integration_required,False
RB,red_zone_carry_share_prior4,component,target_volume,receiving_target_volume,0.010801830822307963,0.16806722689075632,tier1_temporal_gate_only,research_only_manual_integration_required,False
RB,target_share_prior4,component,target_volume,receiving_target_volume,0.09461006359473914,0.16806722689075632,tier1_temporal_gate_only,research_only_manual_integration_required,False
RB,backfield_competition_index_prior4,horizon,rest_of_season,ros_projection,0.023089180789114618,0.23529411764705882,tier1_temporal_gate_only,research_only_manual_integration_required,False
RB,backfield_competitor_count,horizon,rest_of_season,ros_projection,0.012637222009393025,0.23529411764705882,tier1_temporal_gate_only,research_only_manual_integration_required,False
RB,carry_share_prior4,horizon,rest_of_season,ros_projection,0.0420715939754815,0.23529411764705882,tier1_temporal_gate_only,research_only_manual_integration_required,False
RB,offense_snap_share_prior4,horizon,rest_of_season,ros_projection,0.04085542271902037,0.23529411764705882,tier1_temporal_gate_only,research_only_manual_integration_required,False
RB,target_share_prior4,horizon,rest_of_season,ros_projection,0.011130622845155261,0.23529411764705882,tier1_temporal_gate_only,research_only_manual_integration_required,False
RB,backfield_competition_index_prior4,horizon,next_week,weekly_forward_projection,0.013898869171209149,0.19607843137254902,tier1_temporal_gate_only,research_only_manual_integration_required,False
RB,carry_share_prior4,horizon,next_week,weekly_forward_projection,0.020065425759815885,0.19607843137254902,tier1_temporal_gate_only,research_only_manual_integration_required,False
RB,offense_snap_share_prior4,horizon,next_week,weekly_forward_projection,0.0250477204808996,0.19607843137254902,tier1_temporal_gate_only,research_only_manual_integration_required,False
RB,backfield_competitor_count,weekly_residual,same_week,weekly_projection_residual,0.014070739998774617,1.0,tier1_temporal_gate_only,research_only_manual_integration_required,False
TE,offense_snap_share_prior4,horizon,breakout,breakout_probability,0.0583185109604364,0.2647058823529412,tier1_temporal_gate_only,research_only_manual_integration_required,False
TE,target_share_prior4,horizon,breakout,breakout_probability,0.06305775331372684,0.2647058823529412,tier1_temporal_gate_only,research_only_manual_integration_required,False
TE,offense_snap_share_prior4,horizon,ceiling,ceiling_upside_distribution,0.02220561229489652,0.21176470588235294,tier1_temporal_gate_only,research_only_manual_integration_required,False
TE,target_share_prior4,horizon,ceiling,ceiling_upside_distribution,0.03041143431109667,0.21176470588235294,tier1_temporal_gate_only,research_only_manual_integration_required,False
TE,offense_snap_share_prior4,horizon,floor,floor_risk_distribution,0.03498813047873792,0.2647058823529412,tier1_temporal_gate_only,research_only_manual_integration_required,False
TE,target_share_prior4,horizon,floor,floor_risk_distribution,0.027635701314840277,0.2647058823529412,tier1_temporal_gate_only,research_only_manual_integration_required,False
TE,offense_snap_share_prior4,horizon,next_3_games,next3_projection,0.04206484811812056,0.21176470588235294,tier1_temporal_gate_only,research_only_manual_integration_required,False
TE,target_share_prior4,horizon,next_3_games,next3_projection,0.04724336362010616,0.21176470588235294,tier1_temporal_gate_only,research_only_manual_integration_required,False
TE,offense_snap_share_prior4,component,target_volume,receiving_target_volume,0.0778624652245057,0.21176470588235294,tier1_temporal_gate_only,research_only_manual_integration_required,False
TE,receiving_competition_index_prior4,component,target_volume,receiving_target_volume,0.020759236679642936,0.21176470588235294,tier1_temporal_gate_only,research_only_manual_integration_required,False
TE,red_zone_target_share_prior4,component,target_volume,receiving_target_volume,0.014483478099089477,0.21176470588235294,tier1_temporal_gate_only,research_only_manual_integration_required,False
TE,target_share_prior4,component,target_volume,receiving_target_volume,0.10673929228047359,0.21176470588235294,tier1_temporal_gate_only,research_only_manual_integration_required,False
TE,offense_snap_share_prior4,horizon,rest_of_season,ros_projection,0.05160569353304841,0.2647058823529412,tier1_temporal_gate_only,research_only_manual_integration_required,False
TE,receiving_competition_index_prior4,horizon,rest_of_season,ros_projection,0.011791661601757993,0.2647058823529412,tier1_temporal_gate_only,research_only_manual_integration_required,False
TE,target_share_prior4,horizon,rest_of_season,ros_projection,0.05501869318689332,0.2647058823529412,tier1_temporal_gate_only,research_only_manual_integration_required,False
TE,offense_snap_share_prior4,horizon,next_week,weekly_forward_projection,0.025746989118875747,0.2647058823529412,tier1_temporal_gate_only,research_only_manual_integration_required,False
TE,target_share_prior4,horizon,next_week,weekly_forward_projection,0.023348534972228226,0.2647058823529412,tier1_temporal_gate_only,research_only_manual_integration_required,False
WR,offense_snap_share_prior4,horizon,breakout,breakout_probability,0.06051159405218925,0.21176470588235294,tier1_temporal_gate_only,research_only_manual_integration_required,False
WR,target_share_prior4,horizon,breakout,breakout_probability,0.04892589550659921,0.21176470588235294,tier1_temporal_gate_only,research_only_manual_integration_required,False
WR,target_share_prior4,horizon,ceiling,ceiling_upside_distribution,0.016147213436111318,0.4,tier1_temporal_gate_only,research_only_manual_integration_required,False
WR,offense_snap_share_prior4,horizon,floor,floor_risk_distribution,0.05947720477790611,0.21176470588235294,tier1_temporal_gate_only,research_only_manual_integration_required,False
WR,target_share_prior4,horizon,floor,floor_risk_distribution,0.04552684103757295,0.21176470588235294,tier1_temporal_gate_only,research_only_manual_integration_required,False
WR,offense_snap_share_prior4,horizon,next_3_games,next3_projection,0.032893232165877175,0.3025210084033613,tier1_temporal_gate_only,research_only_manual_integration_required,False
WR,target_share_prior4,horizon,next_3_games,next3_projection,0.03924566696579724,0.3025210084033613,tier1_temporal_gate_only,research_only_manual_integration_required,False
WR,offense_snap_share_prior4,component,target_volume,receiving_target_volume,0.09745381134106791,0.21176470588235294,tier1_temporal_gate_only,research_only_manual_integration_required,False
WR,receiving_competition_index_prior4,component,target_volume,receiving_target_volume,0.026186633553450606,0.21176470588235294,tier1_temporal_gate_only,research_only_manual_integration_required,False
WR,target_share_prior4,component,target_volume,receiving_target_volume,0.10985839452457008,0.21176470588235294,tier1_temporal_gate_only,research_only_manual_integration_required,False
WR,offense_snap_share_prior4,horizon,rest_of_season,ros_projection,0.03089615722058888,0.2647058823529412,tier1_temporal_gate_only,research_only_manual_integration_required,False
WR,target_share_prior4,horizon,rest_of_season,ros_projection,0.04702550476814663,0.2647058823529412,tier1_temporal_gate_only,research_only_manual_integration_required,False
WR,offense_snap_share_prior4,horizon,next_week,weekly_forward_projection,0.022220941456850937,0.3025210084033613,tier1_temporal_gate_only,research_only_manual_integration_required,False
WR,target_share_prior4,horizon,next_week,weekly_forward_projection,0.023804681352127138,0.3025210084033613,tier1_temporal_gate_only,research_only_manual_integration_required,False
