position,family,feature,scope,test_season,n_test,base_mae,adjusted_mae,improvement,families,hypothesis_id,baseline_mae,augmented_mae
QB,opportunity,qb_pass_attempt_share_prior4,weekly,2022,611,5.893584159230478,5.943580786623943,-0.008483229566707752,['opportunity'],QB:qb_pass_attempt_share_prior4,,
QB,opportunity,qb_pass_attempt_share_prior4,weekly,2023,636,6.171731374961481,6.186655038181231,-0.0024180675264472195,['opportunity'],QB:qb_pass_attempt_share_prior4,,
QB,opportunity,qb_pass_attempt_share_prior4,weekly,2024,644,6.269411660896702,6.257883850412543,0.0018387388016103193,['opportunity'],QB:qb_pass_attempt_share_prior4,,
QB,opportunity,qb_pass_attempt_share_prior4,weekly,2025,636,6.618410829124366,6.611290580786191,0.0010758244723707187,['opportunity'],QB:qb_pass_attempt_share_prior4,,
QB,opportunity,qb_pass_attempt_share_prior4,next_season,2023,61,,,0.005969098669164311,['opportunity'],QB:qb_pass_attempt_share_prior4,4.6557626195916875,4.627971913135138
QB,opportunity,qb_pass_attempt_share_prior4,next_season,2024,63,,,0.00891621501328985,['opportunity'],QB:qb_pass_attempt_share_prior4,4.8697529243643825,4.826333160229153
QB,opportunity,qb_pass_attempt_share_prior4,next_season,2025,60,,,0.010659790308042346,['opportunity'],QB:qb_pass_attempt_share_prior4,4.686094339056796,4.636141556038746
QB,opportunity,qb_rush_share_prior4,weekly,2022,611,5.893584159230478,5.948048352243586,-0.009241268393157104,"['opportunity', 'rushing_leverage']",QB:qb_rush_share_prior4,,
QB,opportunity,qb_rush_share_prior4,weekly,2023,636,6.171731374961481,6.202100496272083,-0.004920680999469362,"['opportunity', 'rushing_leverage']",QB:qb_rush_share_prior4,,
QB,opportunity,qb_rush_share_prior4,weekly,2024,644,6.269411660896702,6.294351573601075,-0.003978030803101886,"['opportunity', 'rushing_leverage']",QB:qb_rush_share_prior4,,
QB,opportunity,qb_rush_share_prior4,weekly,2025,636,6.618410829124366,6.646049689317914,-0.004176056897514277,"['opportunity', 'rushing_leverage']",QB:qb_rush_share_prior4,,
QB,opportunity,qb_rush_share_prior4,next_season,2023,61,,,-0.022475141851501332,"['opportunity', 'rushing_leverage']",QB:qb_rush_share_prior4,4.6557626195916875,4.760401544893928
QB,opportunity,qb_rush_share_prior4,next_season,2024,63,,,0.03172032198598323,"['opportunity', 'rushing_leverage']",QB:qb_rush_share_prior4,4.8697529243643825,4.715282793611361
QB,opportunity,qb_rush_share_prior4,next_season,2025,60,,,0.010735266432545817,"['opportunity', 'rushing_leverage']",QB:qb_rush_share_prior4,4.686094339056796,4.635787867798976
QB,opportunity,inside_5_carry_share_prior4,weekly,2022,227,6.113701326525112,6.1221698529361745,-0.0013851717574623816,"['opportunity', 'rushing_leverage']",QB:inside_5_carry_share_prior4,,
QB,opportunity,inside_5_carry_share_prior4,weekly,2023,245,6.232547981052763,6.248720089523448,-0.002594782827159762,"['opportunity', 'rushing_leverage']",QB:inside_5_carry_share_prior4,,
QB,opportunity,inside_5_carry_share_prior4,weekly,2024,231,6.628572381721641,6.644457001002295,-0.0023963861848225578,"['opportunity', 'rushing_leverage']",QB:inside_5_carry_share_prior4,,
QB,opportunity,inside_5_carry_share_prior4,weekly,2025,233,6.862577633738608,6.890247278082714,-0.004031960849240207,"['opportunity', 'rushing_leverage']",QB:inside_5_carry_share_prior4,,
QB,opportunity,inside_5_carry_share_prior4,next_season,2024,28,,,-0.014939945568519578,"['opportunity', 'rushing_leverage']",QB:inside_5_carry_share_prior4,4.781790319280951,4.853230006371082
QB,opportunity,inside_5_carry_share_prior4,next_season,2025,19,,,-0.03055333187085203,"['opportunity', 'rushing_leverage']",QB:inside_5_carry_share_prior4,5.0015539791774835,5.154368117773274
QB,opportunity,snap_share_prior4,weekly,2022,611,5.893584159230478,5.943962789875589,-0.008548046364317722,['opportunity'],QB:snap_share_prior4,,
QB,opportunity,snap_share_prior4,weekly,2023,636,6.171731374961481,6.189698369298393,-0.002911175688851815,['opportunity'],QB:snap_share_prior4,,
QB,opportunity,snap_share_prior4,weekly,2024,644,6.269411660896702,6.262929114978074,0.0010339958945526557,['opportunity'],QB:snap_share_prior4,,
QB,opportunity,snap_share_prior4,weekly,2025,636,6.618410829124366,6.6166498761821195,0.00026606884759975725,['opportunity'],QB:snap_share_prior4,,
QB,opportunity,snap_share_prior4,next_season,2023,61,,,0.009124841957121025,['opportunity'],QB:snap_share_prior4,4.6557626195916875,4.6132795214980415
QB,opportunity,snap_share_prior4,next_season,2024,63,,,0.013106580267662931,['opportunity'],QB:snap_share_prior4,4.8697529243643825,4.805927116777514
QB,opportunity,snap_share_prior4,next_season,2025,60,,,0.009132997844811827,['opportunity'],QB:snap_share_prior4,4.686094339056796,4.643296249557605
QB,opportunity,team_pass_attempts_prior4_team,weekly,2022,633,6.048977180052464,6.060189018111436,-0.0018535097298671929,['opportunity'],QB:team_pass_attempts_prior4_team,,
QB,opportunity,team_pass_attempts_prior4_team,weekly,2023,663,6.297406457504758,6.294204547350487,0.0005084490219707927,['opportunity'],QB:team_pass_attempts_prior4_team,,
QB,opportunity,team_pass_attempts_prior4_team,weekly,2024,664,6.360674836751993,6.347857685217603,0.002015061587543026,['opportunity'],QB:team_pass_attempts_prior4_team,,
QB,opportunity,team_pass_attempts_prior4_team,weekly,2025,664,6.850096080686849,6.829774263508228,0.0029666470279031717,['opportunity'],QB:team_pass_attempts_prior4_team,,
QB,opportunity,team_pass_attempts_prior4_team,next_season,2023,63,,,-0.005410207462753652,['opportunity'],QB:team_pass_attempts_prior4_team,4.63391198776013,4.6589824129780535
QB,opportunity,team_pass_attempts_prior4_team,next_season,2024,63,,,0.001301629410864493,['opportunity'],QB:team_pass_attempts_prior4_team,4.881076236455956,4.8747228840699135
QB,opportunity,team_pass_attempts_prior4_team,next_season,2025,63,,,-2.0436125075573852e-05,['opportunity'],QB:team_pass_attempts_prior4_team,4.833753626953582,4.833852410147287
QB,opportunity,team_plays_prior4_team,weekly,2022,633,6.048977180052464,6.07102887705014,-0.003645524911285015,['opportunity'],QB:team_plays_prior4_team,,
QB,opportunity,team_plays_prior4_team,weekly,2023,663,6.297406457504758,6.295433134001386,0.00031335495281878146,['opportunity'],QB:team_plays_prior4_team,,
QB,opportunity,team_plays_prior4_team,weekly,2024,664,6.360674836751993,6.351944430976499,0.0013725596732361942,['opportunity'],QB:team_plays_prior4_team,,
QB,opportunity,team_plays_prior4_team,weekly,2025,664,6.850096080686849,6.836181541394709,0.0020312911130356587,['opportunity'],QB:team_plays_prior4_team,,
QB,opportunity,team_plays_prior4_team,next_season,2023,63,,,0.0008159915516513974,['opportunity'],QB:team_plays_prior4_team,4.63391198776013,4.630130754727022
QB,opportunity,team_plays_prior4_team,next_season,2024,63,,,-0.011440890456356193,['opportunity'],QB:team_plays_prior4_team,4.881076236455956,4.936920094986372
QB,opportunity,team_plays_prior4_team,next_season,2025,63,,,-0.00914025939191176,['opportunity'],QB:team_plays_prior4_team,4.833753626953582,4.877935388940532
QB,opportunity,opportunity_change_score_prior1,weekly,2023,282,6.0725528892367135,6.080051990202393,-0.001234917357240525,['opportunity'],QB:opportunity_change_score_prior1,,
QB,opportunity,opportunity_change_score_prior1,weekly,2024,295,6.6090648119667845,6.758476501360841,-0.0226070849121531,['opportunity'],QB:opportunity_change_score_prior1,,
QB,opportunity,opportunity_change_score_prior1,weekly,2025,283,6.661608618948031,6.6598207624968335,0.0002683820910931282,['opportunity'],QB:opportunity_change_score_prior1,,
QB,opportunity,opportunity_change_score_prior1,next_season,2025,40,,,-0.005925183142598032,['opportunity'],QB:opportunity_change_score_prior1,4.072364776594509,4.096494283719297
QB,passing_accuracy,pfr_passing_bad_throw_pct_prior4,weekly,2022,470,5.816990346416129,5.878707847786782,-0.01060986828157223,['passing_accuracy'],QB:pfr_passing_bad_throw_pct_prior4,,
QB,passing_accuracy,pfr_passing_bad_throw_pct_prior4,weekly,2023,498,6.036560638632574,6.064926252951495,-0.0046989694988546545,['passing_accuracy'],QB:pfr_passing_bad_throw_pct_prior4,,
QB,passing_accuracy,pfr_passing_bad_throw_pct_prior4,weekly,2024,498,6.318535009607514,6.288056122580808,0.004823726857627891,['passing_accuracy'],QB:pfr_passing_bad_throw_pct_prior4,,
QB,passing_accuracy,pfr_passing_bad_throw_pct_prior4,weekly,2025,491,6.550588669295044,6.588807803048245,-0.0058344578911431215,['passing_accuracy'],QB:pfr_passing_bad_throw_pct_prior4,,
QB,passing_accuracy,pfr_passing_bad_throw_pct_prior4,next_season,2023,52,,,0.006107892543976147,['passing_accuracy'],QB:pfr_passing_bad_throw_pct_prior4,4.877174824166996,4.847385564422798
QB,passing_accuracy,pfr_passing_bad_throw_pct_prior4,next_season,2024,53,,,-0.018274160745053586,['passing_accuracy'],QB:pfr_passing_bad_throw_pct_prior4,4.400011416523449,4.480417932429069
QB,passing_accuracy,pfr_passing_bad_throw_pct_prior4,next_season,2025,49,,,0.00018761055454826592,['passing_accuracy'],QB:pfr_passing_bad_throw_pct_prior4,4.252407689622451,4.251609893057636
QB,pressure_response,pfr_times_pressured_pct_prior4,weekly,2022,470,5.816990346416129,5.8852656524649465,-0.011737221824836266,['pressure_response'],QB:pfr_times_pressured_pct_prior4,,
QB,pressure_response,pfr_times_pressured_pct_prior4,weekly,2023,498,6.036560638632574,6.0621654004823915,-0.00424161428710795,['pressure_response'],QB:pfr_times_pressured_pct_prior4,,
QB,pressure_response,pfr_times_pressured_pct_prior4,weekly,2024,498,6.318535009607514,6.287659591284064,0.0048864836985951145,['pressure_response'],QB:pfr_times_pressured_pct_prior4,,
QB,pressure_response,pfr_times_pressured_pct_prior4,weekly,2025,491,6.550588669295044,6.5892067051832255,-0.005895353507570758,['pressure_response'],QB:pfr_times_pressured_pct_prior4,,
QB,pressure_response,pfr_times_pressured_pct_prior4,next_season,2023,52,,,0.0004925450861752352,['pressure_response'],QB:pfr_times_pressured_pct_prior4,4.877174824166996,4.874772595672935
QB,pressure_response,pfr_times_pressured_pct_prior4,next_season,2024,53,,,0.003481897358723105,['pressure_response'],QB:pfr_times_pressured_pct_prior4,4.400011416523449,4.384691028393904
QB,pressure_response,pfr_times_pressured_pct_prior4,next_season,2025,49,,,0.02818832529775247,['pressure_response'],QB:pfr_times_pressured_pct_prior4,4.252407689622451,4.13253943836871
QB,pressure_response,pfr_times_sacked_prior4,weekly,2022,470,5.816990346416129,5.879540735848326,-0.010753050238554055,['pressure_response'],QB:pfr_times_sacked_prior4,,
QB,pressure_response,pfr_times_sacked_prior4,weekly,2023,498,6.036560638632574,6.061929720427493,-0.004202572178694376,['pressure_response'],QB:pfr_times_sacked_prior4,,
QB,pressure_response,pfr_times_sacked_prior4,weekly,2024,498,6.318535009607514,6.284747174441467,0.005347415993528786,['pressure_response'],QB:pfr_times_sacked_prior4,,
QB,pressure_response,pfr_times_sacked_prior4,weekly,2025,491,6.550588669295044,6.582925585026929,-0.0049364900414919375,['pressure_response'],QB:pfr_times_sacked_prior4,,
QB,pressure_response,pfr_times_sacked_prior4,next_season,2023,52,,,0.007366161344480894,['pressure_response'],QB:pfr_times_sacked_prior4,4.877174824166996,4.841248767506942
QB,pressure_response,pfr_times_sacked_prior4,next_season,2024,53,,,-0.01757861931444996,['pressure_response'],QB:pfr_times_sacked_prior4,4.400011416523449,4.477357542193748
QB,pressure_response,pfr_times_sacked_prior4,next_season,2025,49,,,-0.002475825410489221,['pressure_response'],QB:pfr_times_sacked_prior4,4.252407689622451,4.262935908636178
QB,rushing_leverage,m7_qb_rush_goal_role,weekly,2022,227,6.113701326525112,6.11893160092376,-0.0008555004766026947,['rushing_leverage'],QB:m7_qb_rush_goal_role,,
QB,rushing_leverage,m7_qb_rush_goal_role,weekly,2023,245,6.232547981052763,6.254234679007716,-0.0034795878059634415,['rushing_leverage'],QB:m7_qb_rush_goal_role,,
QB,rushing_leverage,m7_qb_rush_goal_role,weekly,2024,231,6.628572381721641,6.659403843255369,-0.004651297407379275,['rushing_leverage'],QB:m7_qb_rush_goal_role,,
QB,rushing_leverage,m7_qb_rush_goal_role,weekly,2025,233,6.862577633738608,6.902853771675182,-0.005868951884575182,['rushing_leverage'],QB:m7_qb_rush_goal_role,,
QB,rushing_leverage,m7_qb_rush_goal_role,next_season,2024,28,,,-0.003481455398292379,['rushing_leverage'],QB:m7_qb_rush_goal_role,4.781790319280951,4.798437909001514
QB,rushing_leverage,m7_qb_rush_goal_role,next_season,2025,19,,,0.00034325408934316587,['rushing_leverage'],QB:m7_qb_rush_goal_role,5.0015539791774835,4.99983717532106
QB,regression,xfp_residual_prior4,weekly,2023,508,6.022103934745623,6.020914017796134,0.0001975915663998171,['regression'],QB:xfp_residual_prior4,,
QB,regression,xfp_residual_prior4,weekly,2024,515,6.282298730755786,6.30123973458703,-0.0030149798096223055,['regression'],QB:xfp_residual_prior4,,
QB,regression,xfp_residual_prior4,weekly,2025,508,6.561757672200755,6.5748269570564215,-0.0019917353716117207,['regression'],QB:xfp_residual_prior4,,
QB,regression,xfp_residual_prior4,next_season,2025,53,,,-0.01593113839178986,['regression'],QB:xfp_residual_prior4,4.308539647597875,4.377179588990271
QB,regression,opportunity_xfp_realized_prior4,weekly,2023,508,6.022103934745623,6.007494887833789,0.0024259041474764447,['regression'],QB:opportunity_xfp_realized_prior4,,
QB,regression,opportunity_xfp_realized_prior4,weekly,2024,515,6.282298730755786,6.262827929608712,0.003099311570739459,['regression'],QB:opportunity_xfp_realized_prior4,,
QB,regression,opportunity_xfp_realized_prior4,weekly,2025,508,6.561757672200755,6.555807828372053,0.0009067454371117938,['regression'],QB:opportunity_xfp_realized_prior4,,
QB,regression,opportunity_xfp_realized_prior4,next_season,2025,53,,,-0.010204186138408977,['regression'],QB:opportunity_xfp_realized_prior4,4.308539647597875,4.352504788146679
RB,opportunity,offense_snap_share_prior4,weekly,2022,1278,4.715740842610612,4.809065687479392,-0.019790070740426022,['opportunity'],RB:offense_snap_share_prior4,,
RB,opportunity,offense_snap_share_prior4,weekly,2023,1190,4.426682857530238,4.488860590231287,-0.01404612318121633,['opportunity'],RB:offense_snap_share_prior4,,
RB,opportunity,offense_snap_share_prior4,weekly,2024,1256,4.5472867470219525,4.588999355386635,-0.009173076316772954,['opportunity'],RB:offense_snap_share_prior4,,
RB,opportunity,offense_snap_share_prior4,weekly,2025,1282,4.498299866063238,4.550150051146695,-0.011526618195161476,['opportunity'],RB:offense_snap_share_prior4,,
RB,opportunity,offense_snap_share_prior4,next_season,2023,107,,,0.004000193844091978,['opportunity'],RB:offense_snap_share_prior4,3.262984470150546,3.249931899759682
RB,opportunity,offense_snap_share_prior4,next_season,2024,100,,,0.005577561002903356,['opportunity'],RB:offense_snap_share_prior4,2.919698903409268,2.903414104665393
RB,opportunity,offense_snap_share_prior4,next_season,2025,100,,,0.007845212031484992,['opportunity'],RB:offense_snap_share_prior4,2.739701413523944,2.7182078750318897
RB,opportunity,carry_share_prior4,weekly,2022,1515,4.730609003680985,4.78394447438282,-0.01127454639779656,['opportunity'],RB:carry_share_prior4,,
RB,opportunity,carry_share_prior4,weekly,2023,1419,4.4474658846906,4.4625414709969675,-0.0033897025176205884,['opportunity'],RB:carry_share_prior4,,
RB,opportunity,carry_share_prior4,weekly,2024,1478,4.457867129145064,4.460997908845971,-0.0007023044003349316,['opportunity'],RB:carry_share_prior4,,
RB,opportunity,carry_share_prior4,weekly,2025,1507,4.4045271767396414,4.412055789172057,-0.001709289585536976,['opportunity'],RB:carry_share_prior4,,
RB,opportunity,carry_share_prior4,next_season,2023,112,,,0.008526474204204897,['opportunity'],RB:carry_share_prior4,3.2321836105040136,3.2046244803257973
RB,opportunity,carry_share_prior4,next_season,2024,107,,,0.011880837247940373,['opportunity'],RB:carry_share_prior4,2.8841315012557565,2.849865604287679
RB,opportunity,carry_share_prior4,next_season,2025,104,,,0.01652980354990787,['opportunity'],RB:carry_share_prior4,2.724348241276556,2.6793153000467176
RB,opportunity,target_share_prior4,weekly,2022,1515,4.730609003680985,4.808801196743967,-0.01652899087667975,"['opportunity', 'receiving_role']",RB:target_share_prior4,,
RB,opportunity,target_share_prior4,weekly,2023,1419,4.4474658846906,4.478894468191471,-0.007066627224518251,"['opportunity', 'receiving_role']",RB:target_share_prior4,,
RB,opportunity,target_share_prior4,weekly,2024,1478,4.457867129145064,4.470013015305593,-0.0027245958232179537,"['opportunity', 'receiving_role']",RB:target_share_prior4,,
RB,opportunity,target_share_prior4,weekly,2025,1507,4.4045271767396414,4.424593484618416,-0.0045558369998816755,"['opportunity', 'receiving_role']",RB:target_share_prior4,,
RB,opportunity,target_share_prior4,next_season,2023,112,,,0.005724097245782406,"['opportunity', 'receiving_role']",RB:target_share_prior4,3.2321836105040136,3.2136822772012645
RB,opportunity,target_share_prior4,next_season,2024,107,,,0.00048699874422987,"['opportunity', 'receiving_role']",RB:target_share_prior4,2.8841315012557565,2.882726932836451
RB,opportunity,target_share_prior4,next_season,2025,104,,,0.0023942071001065907,"['opportunity', 'receiving_role']",RB:target_share_prior4,2.724348241276556,2.717825587374129
RB,opportunity,red_zone_carry_share_prior4,weekly,2022,1041,5.445957682421391,5.501761358461849,-0.010246806768363634,['opportunity'],RB:red_zone_carry_share_prior4,,
RB,opportunity,red_zone_carry_share_prior4,weekly,2023,977,5.159580920313741,5.16907047752408,-0.001839210850047579,['opportunity'],RB:red_zone_carry_share_prior4,,
RB,opportunity,red_zone_carry_share_prior4,weekly,2024,1003,5.235787435700958,5.225433464649784,0.001977538465479701,['opportunity'],RB:red_zone_carry_share_prior4,,
RB,opportunity,red_zone_carry_share_prior4,weekly,2025,1009,5.371506338938986,5.359117867207427,0.002306331027062748,['opportunity'],RB:red_zone_carry_share_prior4,,
RB,opportunity,red_zone_carry_share_prior4,next_season,2023,72,,,-0.0033324430072026313,['opportunity'],RB:red_zone_carry_share_prior4,3.602758420176745,3.6147644072807035
RB,opportunity,red_zone_carry_share_prior4,next_season,2024,71,,,-9.379910954958299e-05,['opportunity'],RB:red_zone_carry_share_prior4,3.5760183068919154,3.576353734224835
RB,opportunity,red_zone_carry_share_prior4,next_season,2025,66,,,0.0011402532667017199,['opportunity'],RB:red_zone_carry_share_prior4,3.14507486582754,3.1414886839377587
RB,opportunity,inside_5_carry_share_prior4,weekly,2022,738,5.43382513114039,5.480877569399587,-0.008659174177237825,['opportunity'],RB:inside_5_carry_share_prior4,,
RB,opportunity,inside_5_carry_share_prior4,weekly,2023,744,5.23078311823488,5.241462676217928,-0.002041674782083428,['opportunity'],RB:inside_5_carry_share_prior4,,
RB,opportunity,inside_5_carry_share_prior4,weekly,2024,807,5.364232447122088,5.348178714858359,0.002992736131772573,['opportunity'],RB:inside_5_carry_share_prior4,,
RB,opportunity,inside_5_carry_share_prior4,weekly,2025,805,5.483155610862594,5.467973208898816,0.002768916850307959,['opportunity'],RB:inside_5_carry_share_prior4,,
RB,opportunity,inside_5_carry_share_prior4,next_season,2023,56,,,0.0007230419330017899,['opportunity'],RB:inside_5_carry_share_prior4,3.536502982789019,3.5339459428362767
RB,opportunity,inside_5_carry_share_prior4,next_season,2024,60,,,0.0010398157873012142,['opportunity'],RB:inside_5_carry_share_prior4,3.575340266713182,3.57162257145888
RB,opportunity,inside_5_carry_share_prior4,next_season,2025,51,,,-0.0022011184255735818,['opportunity'],RB:inside_5_carry_share_prior4,3.452581589522374,3.4601811304748678
RB,opportunity,opportunity_change_score_prior1,weekly,2023,726,4.627402609171327,4.6989583056567685,-0.01546346893257597,['opportunity'],RB:opportunity_change_score_prior1,,
RB,opportunity,opportunity_change_score_prior1,weekly,2024,795,4.604095115463509,4.60790869143656,-0.000828300866383541,['opportunity'],RB:opportunity_change_score_prior1,,
RB,opportunity,opportunity_change_score_prior1,weekly,2025,802,4.841468370282808,4.858132352222131,-0.0034419272552945863,['opportunity'],RB:opportunity_change_score_prior1,,
RB,opportunity,opportunity_change_score_prior1,next_season,2024,88,,,-0.039028448947802684,['opportunity'],RB:opportunity_change_score_prior1,3.3048387974912314,3.4338215297798356
RB,opportunity,opportunity_change_score_prior1,next_season,2025,89,,,0.0018093811130508934,['opportunity'],RB:opportunity_change_score_prior1,2.9076929865016616,2.902431861729335
RB,competition,backfield_competition_index_prior4,weekly,2022,1515,4.730609003680985,4.778965527648778,-0.010222050465419241,['competition'],RB:backfield_competition_index_prior4,,
RB,competition,backfield_competition_index_prior4,weekly,2023,1419,4.4474658846906,4.461066945152038,-0.0030581595933667845,['competition'],RB:backfield_competition_index_prior4,,
RB,competition,backfield_competition_index_prior4,weekly,2024,1478,4.457867129145064,4.457862081122947,1.132385055569945e-06,['competition'],RB:backfield_competition_index_prior4,,
RB,competition,backfield_competition_index_prior4,weekly,2025,1507,4.4045271767396414,4.406000659069257,-0.0003345381400747557,['competition'],RB:backfield_competition_index_prior4,,
RB,competition,backfield_competition_index_prior4,next_season,2023,112,,,0.00593358609359483,['competition'],RB:backfield_competition_index_prior4,3.2321836105040136,3.213005170780782
RB,competition,backfield_competition_index_prior4,next_season,2024,107,,,-0.0023170575132226037,['competition'],RB:backfield_competition_index_prior4,2.8841315012557565,2.890814199819863
RB,competition,backfield_competition_index_prior4,next_season,2025,104,,,0.01150308850228962,['competition'],RB:backfield_competition_index_prior4,2.724348241276556,2.6930098223460948
RB,competition,backfield_competitor_count,weekly,2022,1581,4.74224004150131,4.656377214488755,0.018105963903373462,['competition'],RB:backfield_competitor_count,,
RB,competition,backfield_competitor_count,weekly,2023,1474,4.5088520615863255,4.440478508118133,0.015164292936268328,['competition'],RB:backfield_competitor_count,,
RB,competition,backfield_competitor_count,weekly,2024,1536,4.501077797968541,4.442938293555216,0.01291679615925859,['competition'],RB:backfield_competitor_count,,
RB,competition,backfield_competitor_count,weekly,2025,1575,4.431082366209873,4.386230564467336,0.010122087119066751,['competition'],RB:backfield_competitor_count,,
RB,competition,backfield_competitor_count,next_season,2023,114,,,0.001014158637135653,['competition'],RB:backfield_competitor_count,3.2433856328533963,3.2400963253002764
RB,competition,backfield_competitor_count,next_season,2024,108,,,0.011028811632857726,['competition'],RB:backfield_competitor_count,2.8840763326459684,2.852268398038433
RB,competition,backfield_competitor_count,next_season,2025,106,,,-0.011228817162927448,['competition'],RB:backfield_competitor_count,2.6971797400721798,2.7274658782290024
RB,regression,xfp_residual_prior4,weekly,2023,1190,4.426682857530238,4.4592605745593765,-0.007359397110122793,['regression'],RB:xfp_residual_prior4,,
RB,regression,xfp_residual_prior4,weekly,2024,1256,4.5472867470219525,4.537867005873889,0.0020715080601046896,['regression'],RB:xfp_residual_prior4,,
RB,regression,xfp_residual_prior4,weekly,2025,1284,4.496526166482638,4.499167178934128,-0.000587345064547035,['regression'],RB:xfp_residual_prior4,,
RB,regression,xfp_residual_prior4,next_season,2024,100,,,-0.00407349194863925,['regression'],RB:xfp_residual_prior4,3.133592484843548,3.146357148600875
RB,regression,xfp_residual_prior4,next_season,2025,100,,,-0.0021959330446855024,['regression'],RB:xfp_residual_prior4,2.797138086461369,2.803280414415978
RB,regression,opportunity_xfp_realized_prior4,weekly,2023,1190,4.426682857530238,4.41611958460707,0.002386272805877372,['regression'],RB:opportunity_xfp_realized_prior4,,
RB,regression,opportunity_xfp_realized_prior4,weekly,2024,1256,4.5472867470219525,4.5373005962719795,0.0021960679643774376,['regression'],RB:opportunity_xfp_realized_prior4,,
RB,regression,opportunity_xfp_realized_prior4,weekly,2025,1284,4.496526166482638,4.500242550512479,-0.0008265011460499604,['regression'],RB:opportunity_xfp_realized_prior4,,
RB,regression,opportunity_xfp_realized_prior4,next_season,2024,100,,,0.046519057847074885,['regression'],RB:opportunity_xfp_realized_prior4,3.133592484843548,2.987820714771952
RB,regression,opportunity_xfp_realized_prior4,next_season,2025,100,,,0.03182819627315606,['regression'],RB:opportunity_xfp_realized_prior4,2.797138086461369,2.7081102264423564
WR,opportunity,offense_snap_share_prior4,weekly,2022,1928,4.717905368144561,4.861944236880294,-0.030530258132833273,['opportunity'],WR:offense_snap_share_prior4,,
WR,opportunity,offense_snap_share_prior4,weekly,2023,2042,4.4557119912697996,4.538361638219745,-0.01854914480825576,['opportunity'],WR:offense_snap_share_prior4,,
WR,opportunity,offense_snap_share_prior4,weekly,2024,1984,4.555307285420788,4.621914973391882,-0.014621996672819618,['opportunity'],WR:offense_snap_share_prior4,,
WR,opportunity,offense_snap_share_prior4,weekly,2025,2035,4.2351921409916855,4.335971157882243,-0.023795618601369948,['opportunity'],WR:offense_snap_share_prior4,,
WR,opportunity,offense_snap_share_prior4,next_season,2023,160,,,-3.4157323988184966e-05,['opportunity'],WR:offense_snap_share_prior4,2.639612698317804,2.639702860423944
WR,opportunity,offense_snap_share_prior4,next_season,2024,164,,,-0.0009166253367642733,['opportunity'],WR:offense_snap_share_prior4,2.952830781160853,2.9555374206700424
WR,opportunity,offense_snap_share_prior4,next_season,2025,165,,,0.004541871435559945,['opportunity'],WR:offense_snap_share_prior4,2.287666553778442,2.27727626640375
WR,opportunity,target_share_prior4,weekly,2022,2293,4.754990295879801,4.887742898270321,-0.027918585345074163,['opportunity'],WR:target_share_prior4,,
WR,opportunity,target_share_prior4,weekly,2023,2384,4.463498445060922,4.535993558902085,-0.01624176970900091,['opportunity'],WR:target_share_prior4,,
WR,opportunity,target_share_prior4,weekly,2024,2342,4.526514631613411,4.58643546606176,-0.013237742352550553,['opportunity'],WR:target_share_prior4,,
WR,opportunity,target_share_prior4,weekly,2025,2414,4.239156625668213,4.317423899630637,-0.018462935171707048,['opportunity'],WR:target_share_prior4,,
WR,opportunity,target_share_prior4,next_season,2023,165,,,0.010870619735807666,['opportunity'],WR:target_share_prior4,2.674955571239726,2.6458771464145987
WR,opportunity,target_share_prior4,next_season,2024,173,,,0.009336206373437324,['opportunity'],WR:target_share_prior4,2.916910490977016,2.8896776126604102
WR,opportunity,target_share_prior4,next_season,2025,171,,,0.01769442289250244,['opportunity'],WR:target_share_prior4,2.2803276927270266,2.2399786101984303
WR,opportunity,red_zone_target_share_prior4,weekly,2022,1164,5.725781708162245,5.8532055609999505,-0.02225440286276715,['opportunity'],WR:red_zone_target_share_prior4,,
WR,opportunity,red_zone_target_share_prior4,weekly,2023,1100,5.738723322302522,5.793607298993444,-0.009563795570632477,['opportunity'],WR:red_zone_target_share_prior4,,
WR,opportunity,red_zone_target_share_prior4,weekly,2024,1158,5.709314621949936,5.772252643041757,-0.011023743699436392,['opportunity'],WR:red_zone_target_share_prior4,,
WR,opportunity,red_zone_target_share_prior4,weekly,2025,1123,5.442319565081574,5.53056023979865,-0.016213798852099056,['opportunity'],WR:red_zone_target_share_prior4,,
WR,opportunity,red_zone_target_share_prior4,next_season,2023,84,,,-0.001083167062030565,['opportunity'],WR:red_zone_target_share_prior4,3.0028001223139773,3.006052656500329
WR,opportunity,red_zone_target_share_prior4,next_season,2024,76,,,0.0007591259679745813,['opportunity'],WR:red_zone_target_share_prior4,3.5317880974947293,3.5291070254365375
WR,opportunity,red_zone_target_share_prior4,next_season,2025,87,,,-0.0033312091652985304,['opportunity'],WR:red_zone_target_share_prior4,2.562903008850224,2.571440574843077
WR,opportunity,opportunity_change_score_prior1,weekly,2023,1293,4.616110060339687,4.676176614351926,-0.013012374754300934,['opportunity'],WR:opportunity_change_score_prior1,,
WR,opportunity,opportunity_change_score_prior1,weekly,2024,1209,4.637497921660122,4.666302431404293,-0.006211217822790765,['opportunity'],WR:opportunity_change_score_prior1,,
WR,opportunity,opportunity_change_score_prior1,weekly,2025,1234,4.467540391167291,4.5457881474443225,-0.017514728335021636,['opportunity'],WR:opportunity_change_score_prior1,,
WR,opportunity,opportunity_change_score_prior1,next_season,2024,149,,,-0.0005758644056301631,['opportunity'],WR:opportunity_change_score_prior1,2.9203790122883126,2.922060754612439
WR,opportunity,opportunity_change_score_prior1,next_season,2025,141,,,-0.005578417006829453,['opportunity'],WR:opportunity_change_score_prior1,2.321551654947955,2.3345022381821496
WR,conversion,pfr_receiving_drop_pct_prior4,weekly,2022,1778,4.96015785250837,5.103327666586544,-0.028863963272010098,['conversion'],WR:pfr_receiving_drop_pct_prior4,,
WR,conversion,pfr_receiving_drop_pct_prior4,weekly,2023,1866,4.734211857162639,4.811741911154398,-0.016376549324563842,['conversion'],WR:pfr_receiving_drop_pct_prior4,,
WR,conversion,pfr_receiving_drop_pct_prior4,weekly,2024,1770,4.911872313094806,4.963603906394815,-0.010531949937317278,['conversion'],WR:pfr_receiving_drop_pct_prior4,,
WR,conversion,pfr_receiving_drop_pct_prior4,weekly,2025,1770,4.658551899411566,4.757800130837458,-0.021304524145889268,['conversion'],WR:pfr_receiving_drop_pct_prior4,,
WR,conversion,pfr_receiving_drop_pct_prior4,next_season,2023,148,,,0.004005696448972177,['conversion'],WR:pfr_receiving_drop_pct_prior4,2.715790218322862,2.704911587089173
WR,conversion,pfr_receiving_drop_pct_prior4,next_season,2024,146,,,0.0025000939947453734,['conversion'],WR:pfr_receiving_drop_pct_prior4,3.0926864034022308,3.084954396697454
WR,conversion,pfr_receiving_drop_pct_prior4,next_season,2025,147,,,-0.0002572812208023971,['conversion'],WR:pfr_receiving_drop_pct_prior4,2.424045613089843,2.4246692745044593
WR,competition,receiving_competition_index_prior4,weekly,2022,2293,4.754990295879801,4.891269919889033,-0.028660336936400937,['competition'],WR:receiving_competition_index_prior4,,
WR,competition,receiving_competition_index_prior4,weekly,2023,2384,4.463498445060922,4.533497268724586,-0.015682502083342605,['competition'],WR:receiving_competition_index_prior4,,
WR,competition,receiving_competition_index_prior4,weekly,2024,2342,4.526514631613411,4.586350577942358,-0.013218988824436789,['competition'],WR:receiving_competition_index_prior4,,
WR,competition,receiving_competition_index_prior4,weekly,2025,2414,4.239156625668213,4.317809303048652,-0.018553850288096342,['competition'],WR:receiving_competition_index_prior4,,
WR,competition,receiving_competition_index_prior4,next_season,2023,165,,,0.0045572278474444216,['competition'],WR:receiving_competition_index_prior4,2.674955571239726,2.6627651892197957
WR,competition,receiving_competition_index_prior4,next_season,2024,173,,,-0.0007606731739310861,['competition'],WR:receiving_competition_index_prior4,2.916910490977016,2.9191293065382604
WR,competition,receiving_competition_index_prior4,next_season,2025,171,,,0.0038989913163468976,['competition'],WR:receiving_competition_index_prior4,2.2803276927270266,2.2714367148546586
WR,competition,receiving_competitor_count,weekly,2022,2387,4.798917533065234,4.8603689065076034,-0.012805257231231952,['competition'],WR:receiving_competitor_count,,
WR,competition,receiving_competitor_count,weekly,2023,2476,4.509297901187138,4.535835081949743,-0.0058849917091567516,['competition'],WR:receiving_competitor_count,,
WR,competition,receiving_competitor_count,weekly,2024,2441,4.570537969411032,4.585563536061193,-0.0032874831695353587,['competition'],WR:receiving_competitor_count,,
WR,competition,receiving_competitor_count,weekly,2025,2511,4.283363313016219,4.309242546399688,-0.006041802082216148,['competition'],WR:receiving_competitor_count,,
WR,competition,receiving_competitor_count,next_season,2023,167,,,-0.0012102644794355646,['competition'],WR:receiving_competitor_count,2.6707240658421667,2.673956348313429
WR,competition,receiving_competitor_count,next_season,2024,173,,,0.0011463279616677176,['competition'],WR:receiving_competitor_count,2.9205315094894666,2.917183622557207
WR,competition,receiving_competitor_count,next_season,2025,178,,,0.00048472747378293764,['competition'],WR:receiving_competitor_count,2.3148473292733005,2.3137252591751887
WR,regression,xfp_residual_prior4,weekly,2023,2042,4.4557119912697996,4.441245528487564,0.003246723040129127,['regression'],WR:xfp_residual_prior4,,
WR,regression,xfp_residual_prior4,weekly,2024,1984,4.555307285420788,4.571616082046367,-0.003580174860601503,['regression'],WR:xfp_residual_prior4,,
WR,regression,xfp_residual_prior4,weekly,2025,2041,4.2288691947452115,4.287961555948463,-0.013973560893460598,['regression'],WR:xfp_residual_prior4,,
WR,regression,xfp_residual_prior4,next_season,2024,164,,,-2.749120210736234e-05,['regression'],WR:xfp_residual_prior4,2.929721895321324,2.9298024368980666
WR,regression,xfp_residual_prior4,next_season,2025,165,,,0.003316966102768325,['regression'],WR:xfp_residual_prior4,2.2608355086375287,2.253336393891443
WR,regression,opportunity_xfp_realized_prior4,weekly,2023,2042,4.4557119912697996,4.4585951872348115,-0.0006470786196821272,['regression'],WR:opportunity_xfp_realized_prior4,,
WR,regression,opportunity_xfp_realized_prior4,weekly,2024,1984,4.555307285420788,4.571646043004449,-0.0035867520147220134,['regression'],WR:opportunity_xfp_realized_prior4,,
WR,regression,opportunity_xfp_realized_prior4,weekly,2025,2041,4.2288691947452115,4.276851264785111,-0.011346312177146996,['regression'],WR:opportunity_xfp_realized_prior4,,
WR,regression,opportunity_xfp_realized_prior4,next_season,2024,164,,,-0.0039270882151256695,['regression'],WR:opportunity_xfp_realized_prior4,2.929721895321324,2.941227171650036
WR,regression,opportunity_xfp_realized_prior4,next_season,2025,165,,,0.013336399879590639,['regression'],WR:opportunity_xfp_realized_prior4,2.2608355086375287,2.230684102232361
TE,opportunity,offense_snap_share_prior4,weekly,2022,960,3.6890816663786237,3.784644738747596,-0.025904298416570878,['opportunity'],TE:offense_snap_share_prior4,,
TE,opportunity,offense_snap_share_prior4,weekly,2023,951,3.6098756356649573,3.663491642114826,-0.01485259102007601,['opportunity'],TE:offense_snap_share_prior4,,
TE,opportunity,offense_snap_share_prior4,weekly,2024,977,3.676937944621309,3.7314629211969153,-0.01482890856381368,['opportunity'],TE:offense_snap_share_prior4,,
TE,opportunity,offense_snap_share_prior4,weekly,2025,1024,3.6341111000359487,3.6883833859693613,-0.01493412954074952,['opportunity'],TE:offense_snap_share_prior4,,
TE,opportunity,offense_snap_share_prior4,next_season,2023,90,,,0.006375313708950428,['opportunity'],TE:offense_snap_share_prior4,1.8613435430184957,1.8494768940116235
TE,opportunity,offense_snap_share_prior4,next_season,2024,87,,,0.0074029775857787335,['opportunity'],TE:offense_snap_share_prior4,1.9256823947589334,1.9114266111532043
TE,opportunity,offense_snap_share_prior4,next_season,2025,96,,,0.029730867286610622,['opportunity'],TE:offense_snap_share_prior4,1.8910147545298635,1.8347932458259135
TE,opportunity,target_share_prior4,weekly,2022,1162,3.632337582771168,3.714175520766527,-0.02253037778854338,['opportunity'],TE:target_share_prior4,,
TE,opportunity,target_share_prior4,weekly,2023,1140,3.5062023603954815,3.558685455790532,-0.01496864413414255,['opportunity'],TE:target_share_prior4,,
TE,opportunity,target_share_prior4,weekly,2024,1178,3.584107620405227,3.642424871294189,-0.016271065789695317,['opportunity'],TE:target_share_prior4,,
TE,opportunity,target_share_prior4,weekly,2025,1241,3.5667194697220532,3.608873817638019,-0.011818801078642397,['opportunity'],TE:target_share_prior4,,
TE,opportunity,target_share_prior4,next_season,2023,93,,,0.06161590996033889,['opportunity'],TE:target_share_prior4,1.8753962580892425,1.7598420111108593
TE,opportunity,target_share_prior4,next_season,2024,93,,,0.017981349297665677,['opportunity'],TE:target_share_prior4,1.9061083204634965,1.8718339209540555
TE,opportunity,target_share_prior4,next_season,2025,100,,,0.051908122677802586,['opportunity'],TE:target_share_prior4,1.9462276915977157,1.845202665823325
TE,opportunity,red_zone_target_share_prior4,weekly,2022,548,4.4523846029465295,4.534997707968323,-0.018554799818308834,['opportunity'],TE:red_zone_target_share_prior4,,
TE,opportunity,red_zone_target_share_prior4,weekly,2023,482,4.3621515262069925,4.426008777831542,-0.01463893476439477,['opportunity'],TE:red_zone_target_share_prior4,,
TE,opportunity,red_zone_target_share_prior4,weekly,2024,495,4.523460683043161,4.588481080111854,-0.014374038291618488,['opportunity'],TE:red_zone_target_share_prior4,,
TE,opportunity,red_zone_target_share_prior4,weekly,2025,568,4.406901645448146,4.487003599108677,-0.018176478647593065,['opportunity'],TE:red_zone_target_share_prior4,,
TE,opportunity,red_zone_target_share_prior4,next_season,2023,36,,,0.017547489278534986,['opportunity'],TE:red_zone_target_share_prior4,1.9663562567908959,1.9318516414570774
TE,opportunity,red_zone_target_share_prior4,next_season,2024,36,,,0.00879112437219722,['opportunity'],TE:red_zone_target_share_prior4,2.270100421819942,2.2501436866743454
TE,opportunity,red_zone_target_share_prior4,next_season,2025,35,,,0.012385826543493177,['opportunity'],TE:red_zone_target_share_prior4,2.5375281799085867,2.506098796023013
TE,opportunity,opportunity_change_score_prior1,weekly,2023,558,3.8833322369408747,3.947925850121084,-0.016633553154620964,['opportunity'],TE:opportunity_change_score_prior1,,
TE,opportunity,opportunity_change_score_prior1,weekly,2024,580,3.9686040455240374,4.031326443652186,-0.01580465005040995,['opportunity'],TE:opportunity_change_score_prior1,,
TE,opportunity,opportunity_change_score_prior1,weekly,2025,598,3.857522085142935,3.935340966220362,-0.02017328206030056,['opportunity'],TE:opportunity_change_score_prior1,,
TE,opportunity,opportunity_change_score_prior1,next_season,2024,78,,,-0.003872607984160944,['opportunity'],TE:opportunity_change_score_prior1,2.0563427243800123,2.0643061336326176
TE,opportunity,opportunity_change_score_prior1,next_season,2025,82,,,-0.00014532679995902042,['opportunity'],TE:opportunity_change_score_prior1,2.0252580924338055,2.02555241671147
TE,conversion,pfr_receiving_drop_pct_prior4,weekly,2022,907,3.7592553810968314,3.862556983610795,-0.027479272366918463,['conversion'],TE:pfr_receiving_drop_pct_prior4,,
TE,conversion,pfr_receiving_drop_pct_prior4,weekly,2023,889,3.7449937478346893,3.7949190364208785,-0.013331207459306273,['conversion'],TE:pfr_receiving_drop_pct_prior4,,
TE,conversion,pfr_receiving_drop_pct_prior4,weekly,2024,921,3.7821207105409207,3.845303305659677,-0.0167055998352099,['conversion'],TE:pfr_receiving_drop_pct_prior4,,
TE,conversion,pfr_receiving_drop_pct_prior4,weekly,2025,924,3.8688810208182605,3.9168028306822618,-0.012386478055576373,['conversion'],TE:pfr_receiving_drop_pct_prior4,,
TE,conversion,pfr_receiving_drop_pct_prior4,next_season,2023,88,,,0.010083637124763734,['conversion'],TE:pfr_receiving_drop_pct_prior4,1.8861563704379818,1.8671370540379237
TE,conversion,pfr_receiving_drop_pct_prior4,next_season,2024,84,,,-0.012889158735592949,['conversion'],TE:pfr_receiving_drop_pct_prior4,1.9732166639842705,1.998649766786081
TE,conversion,pfr_receiving_drop_pct_prior4,next_season,2025,89,,,-0.0073124624346155844,['conversion'],TE:pfr_receiving_drop_pct_prior4,1.9712384703729744,1.9856530776372459
TE,competition,receiving_competition_index_prior4,weekly,2022,1162,3.632337582771168,3.7192900892504848,-0.0239384430818733,['competition'],TE:receiving_competition_index_prior4,,
TE,competition,receiving_competition_index_prior4,weekly,2023,1140,3.5062023603954815,3.5581091290194933,-0.014804270629193508,['competition'],TE:receiving_competition_index_prior4,,
TE,competition,receiving_competition_index_prior4,weekly,2024,1178,3.584107620405227,3.6407057191000947,-0.01579140603162704,['competition'],TE:receiving_competition_index_prior4,,
TE,competition,receiving_competition_index_prior4,weekly,2025,1241,3.5667194697220532,3.6088527740840495,-0.011812901104128496,['competition'],TE:receiving_competition_index_prior4,,
TE,competition,receiving_competition_index_prior4,next_season,2023,93,,,0.005706513084118261,['competition'],TE:receiving_competition_index_prior4,1.8753962580892425,1.8646942848045498
TE,competition,receiving_competition_index_prior4,next_season,2024,93,,,0.004863849904752306,['competition'],TE:receiving_competition_index_prior4,1.9061083204634965,1.8968372956905626
TE,competition,receiving_competition_index_prior4,next_season,2025,100,,,0.003984354554906753,['competition'],TE:receiving_competition_index_prior4,1.9462276915977157,1.9384732304298127
TE,competition,receiving_competitor_count,weekly,2022,1207,3.6372718168220532,3.6484101450015554,-0.0030622754472152316,['competition'],TE:receiving_competitor_count,,
TE,competition,receiving_competitor_count,weekly,2023,1188,3.5167878430093973,3.5065151696469754,0.0029210386924083866,['competition'],TE:receiving_competitor_count,,
TE,competition,receiving_competitor_count,weekly,2024,1223,3.597072408761925,3.5906393140447737,0.001788425137476054,['competition'],TE:receiving_competitor_count,,
TE,competition,receiving_competitor_count,weekly,2025,1287,3.5764949211980483,3.5859585010402784,-0.002646048729480626,['competition'],TE:receiving_competitor_count,,
TE,competition,receiving_competitor_count,next_season,2023,95,,,0.004815794079593183,['competition'],TE:receiving_competitor_count,1.8839127267878553,1.87484019103172
TE,competition,receiving_competitor_count,next_season,2024,95,,,-0.0006032874174468805,['competition'],TE:receiving_competitor_count,1.875611924933636,1.8767434580079618
TE,competition,receiving_competitor_count,next_season,2025,106,,,-0.009028028856428248,['competition'],TE:receiving_competitor_count,1.9511178607234139,1.9687326090723174
TE,regression,xfp_residual_prior4,weekly,2023,955,3.6031273329228326,3.6200955001709842,-0.004709288815054777,['regression'],TE:xfp_residual_prior4,,
TE,regression,xfp_residual_prior4,weekly,2024,978,3.6761238469732795,3.7118503364715427,-0.009718521732524988,['regression'],TE:xfp_residual_prior4,,
TE,regression,xfp_residual_prior4,weekly,2025,1024,3.6341111000359487,3.703936719783295,-0.01921394746205074,['regression'],TE:xfp_residual_prior4,,
TE,regression,xfp_residual_prior4,next_season,2024,88,,,-0.0008106671385703838,['regression'],TE:xfp_residual_prior4,1.9206299485007057,1.9221869400853093
TE,regression,xfp_residual_prior4,next_season,2025,96,,,-0.020411386127286702,['regression'],TE:xfp_residual_prior4,1.8742703399496425,1.9125267955652756
TE,regression,opportunity_xfp_realized_prior4,weekly,2023,955,3.6031273329228326,3.6561172512114326,-0.014706646030634431,['regression'],TE:opportunity_xfp_realized_prior4,,
TE,regression,opportunity_xfp_realized_prior4,weekly,2024,978,3.6761238469732795,3.7260564051547242,-0.01358293688134486,['regression'],TE:opportunity_xfp_realized_prior4,,
TE,regression,opportunity_xfp_realized_prior4,weekly,2025,1024,3.6341111000359487,3.6887874468908732,-0.015045315167822922,['regression'],TE:opportunity_xfp_realized_prior4,,
TE,regression,opportunity_xfp_realized_prior4,next_season,2024,88,,,-0.003445302985948457,['regression'],TE:opportunity_xfp_realized_prior4,1.9206299485007057,1.9272471005971772
TE,regression,opportunity_xfp_realized_prior4,next_season,2025,96,,,0.05817866489745788,['regression'],TE:opportunity_xfp_realized_prior4,1.8742703399496425,1.7652277939144678
