sleeper_id,canonical_player_id,full_name,identity_join_method,position_model,team,profile_team,team_changed,market_adp,market_adp_key,sleeper_market_projection,fie_season_mean,fie_ppg,p10,p25,p50,p75,p90,confidence,projection_source,scoring_coverage,scoring_unsupported,raw_projected_stats_per_game,active_return_scoring,validated_return_targets,driver_contributions_ppg,fie_position_rank,market_position_rank,comparison_eligible,rank_edge,reason
4984,,Josh,unmatched,QB,BUF,,False,21.3,adp_ppr,361.5,361.5,21.264705882352946,321.22329095604044,340.00927969307645,360.99064651966097,382.7508547546964,403.3452490177317,62,MARKET_FALLBACK,0.0,no_validated_preseason_spec,{},,,{},1.0,1.0,False,,market fallback: preseason FIE gate/player profile unavailable; scoring gaps: no_validated_preseason_spec
4881,,Lamar,unmatched,QB,BAL,,False,32.5,adp_ppr,326.0,326.0,19.176470588235293,285.3166488864792,304.4088155760149,325.9519310777781,347.000067035907,367.1353184790991,62,MARKET_FALLBACK,0.0,no_validated_preseason_spec,{},,,{},2.0,2.0,False,,market fallback: preseason FIE gate/player profile unavailable; scoring gaps: no_validated_preseason_spec
11564,,Drake,unmatched,QB,NE,,False,47.6,adp_ppr,320.76,320.76,18.86823529411765,279.41892817880694,299.4125340074429,320.3578320970041,342.36552015531333,361.6541219743329,62,MARKET_FALLBACK,0.0,no_validated_preseason_spec,{},,,{},3.0,3.0,False,,market fallback: preseason FIE gate/player profile unavailable; scoring gaps: no_validated_preseason_spec
6770,,Joe,unmatched,QB,CIN,,False,51.1,adp_ppr,306.12,306.12,18.007058823529412,265.6733558296356,284.20060096286136,305.75239130920534,327.7240745762863,347.1283630194047,62,MARKET_FALLBACK,0.0,no_validated_preseason_spec,{},,,{},6.0,4.0,False,,market fallback: preseason FIE gate/player profile unavailable; scoring gaps: no_validated_preseason_spec
6904,,Jalen,unmatched,QB,PHI,,False,59.2,adp_ppr,310.54,310.54,18.26705882352941,269.8759894589164,288.8649219784781,309.8919514976748,331.6541881436169,352.0143600296399,62,MARKET_FALLBACK,0.0,no_validated_preseason_spec,{},,,{},4.0,5.0,False,,market fallback: preseason FIE gate/player profile unavailable; scoring gaps: no_validated_preseason_spec
11566,,Jayden,unmatched,QB,WAS,,False,64.3,adp_ppr,308.72,308.72,18.16,268.19985377763066,286.99934234006406,308.3124937298846,329.77806220744407,349.25749555214026,62,MARKET_FALLBACK,0.0,no_validated_preseason_spec,{},,,{},5.0,6.0,False,,market fallback: preseason FIE gate/player profile unavailable; scoring gaps: no_validated_preseason_spec
11560,,Caleb,unmatched,QB,CHI,,False,71.2,adp_ppr,299.34,299.34,17.608235294117645,259.8166341565102,278.35562294949835,298.94470493163254,319.78073962784214,339.07133442560166,62,MARKET_FALLBACK,0.0,no_validated_preseason_spec,{},,,{},10.0,7.0,False,,market fallback: preseason FIE gate/player profile unavailable; scoring gaps: no_validated_preseason_spec
3294,,Dak,unmatched,QB,DAL,,False,77.8,adp_ppr,303.88,303.88,17.87529411764706,263.9284230411201,282.11936848712594,303.1994368709914,325.2866038093109,345.07820749851584,62,MARKET_FALLBACK,0.0,no_validated_preseason_spec,{},,,{},7.0,8.0,False,,market fallback: preseason FIE gate/player profile unavailable; scoring gaps: no_validated_preseason_spec
6797,,Justin,unmatched,QB,LAC,,False,82.2,adp_ppr,295.48,295.48,17.381176470588237,254.4954805619321,273.75136963700714,294.7587984501931,316.6017049525356,336.7686993464183,62,MARKET_FALLBACK,0.0,no_validated_preseason_spec,{},,,{},13.0,9.0,False,,market fallback: preseason FIE gate/player profile unavailable; scoring gaps: no_validated_preseason_spec
12508,,Jaxson,unmatched,QB,NYG,,False,91.5,adp_ppr,296.54,296.54,17.443529411764708,256.98053860451205,274.9055956383266,296.24866933785336,317.29966674782213,336.6360159234237,62,MARKET_FALLBACK,0.0,no_validated_preseason_spec,{},,,{},11.0,10.0,False,,market fallback: preseason FIE gate/player profile unavailable; scoring gaps: no_validated_preseason_spec
421,,Matthew,unmatched,QB,LAR,,False,95.8,adp_ppr,280.22,280.22,16.483529411764703,239.89873321115712,258.23409941860024,279.61236112461347,301.29757528302264,322.04155461558094,62,MARKET_FALLBACK,0.0,no_validated_preseason_spec,{},,,{},17.0,11.0,False,,market fallback: preseason FIE gate/player profile unavailable; scoring gaps: no_validated_preseason_spec
7523,,Trevor,unmatched,QB,JAX,,False,100.2,adp_ppr,303.42,303.42,17.848235294117643,263.0021993401135,282.3983001805675,303.0394058528241,323.7771818745032,344.0475020465878,62,MARKET_FALLBACK,0.0,no_validated_preseason_spec,{},,,{},8.0,12.0,False,,market fallback: preseason FIE gate/player profile unavailable; scoring gaps: no_validated_preseason_spec
4046,,Patrick,unmatched,QB,KC,,False,107.3,adp_ppr,286.68,286.68,16.863529411764706,246.45404930975533,265.24245124642874,285.986678476014,307.9773043006242,327.6833910467721,62,MARKET_FALLBACK,0.0,no_validated_preseason_spec,{},,,{},14.0,13.0,False,,market fallback: preseason FIE gate/player profile unavailable; scoring gaps: no_validated_preseason_spec
11563,,Bo,unmatched,QB,DEN,,False,119.4,adp_ppr,295.72,295.72,17.39529411764706,254.9913162514572,274.09062582518663,295.48072041288333,316.8803455596544,336.9778600396129,62,MARKET_FALLBACK,0.0,no_validated_preseason_spec,{},,,{},12.0,14.0,False,,market fallback: preseason FIE gate/player profile unavailable; scoring gaps: no_validated_preseason_spec
8183,,Brock,unmatched,QB,SF,,False,122.4,adp_ppr,303.2,303.2,17.83529411764706,262.52121553798844,281.8509276273317,302.66827969123267,324.0749903143306,344.9007983822643,62,MARKET_FALLBACK,0.0,no_validated_preseason_spec,{},,,{},9.0,15.0,False,,market fallback: preseason FIE gate/player profile unavailable; scoring gaps: no_validated_preseason_spec
3163,,Jared,unmatched,QB,DET,,False,133.1,adp_ppr,283.46,283.46,16.67411764705882,243.6953577500066,261.91357504016884,282.8127319385717,304.74109823057546,323.51150283605165,62,MARKET_FALLBACK,0.0,no_validated_preseason_spec,{},,,{},15.0,16.0,False,,market fallback: preseason FIE gate/player profile unavailable; scoring gaps: no_validated_preseason_spec
4892,,Baker,unmatched,QB,TB,,False,143.3,adp_ppr,274.88,274.88,16.16941176470588,235.37201278009525,253.1314008120501,274.47733451254413,295.5620481116375,314.9093918398475,62,MARKET_FALLBACK,0.0,no_validated_preseason_spec,{},,,{},19.0,17.0,False,,market fallback: preseason FIE gate/player profile unavailable; scoring gaps: no_validated_preseason_spec
6804,,Jordan,unmatched,QB,GB,,False,149.5,adp_ppr,278.52,278.52,16.383529411764705,238.7488842411115,257.51288276684494,278.0977737584959,299.2730887906623,318.480448384185,62,MARKET_FALLBACK,0.0,no_validated_preseason_spec,{},,,{},18.0,18.0,False,,market fallback: preseason FIE gate/player profile unavailable; scoring gaps: no_validated_preseason_spec
5849,,Kyler,unmatched,QB,MIN,,False,159.0,adp_ppr,283.06,283.06,16.65058823529412,243.56737403718515,261.97476321558275,282.14640537278564,303.5679850767261,323.9141173510076,62,MARKET_FALLBACK,0.0,no_validated_preseason_spec,{},,,{},16.0,19.0,False,,market fallback: preseason FIE gate/player profile unavailable; scoring gaps: no_validated_preseason_spec
4943,,Sam,unmatched,QB,SEA,,False,175.6,adp_ppr,262.74,262.74,15.45529411764706,222.58328182999455,241.26459190731495,262.2526764280672,282.8932376088192,303.4459812171171,62,MARKET_FALLBACK,0.0,no_validated_preseason_spec,{},,,{},22.0,20.0,False,,market fallback: preseason FIE gate/player profile unavailable; scoring gaps: no_validated_preseason_spec
13269,,Fernando,unmatched,QB,LV,,False,179.1,adp_ppr,212.16,212.16,12.48,174.7136321729314,191.8622868413997,211.30598303487588,231.7144868207778,251.1171896113704,62,MARKET_FALLBACK,0.0,no_validated_preseason_spec,{},,,{},28.0,21.0,False,,market fallback: preseason FIE gate/player profile unavailable; scoring gaps: no_validated_preseason_spec
12545,,Tyler,unmatched,QB,NO,,False,185.8,adp_ppr,270.94,270.94,15.93764705882353,231.0172572404596,249.4929937573682,270.4261036036809,291.9960277292325,310.9220278611989,62,MARKET_FALLBACK,0.0,no_validated_preseason_spec,{},,,{},20.0,22.0,False,,market fallback: preseason FIE gate/player profile unavailable; scoring gaps: no_validated_preseason_spec
8161,,Malik,unmatched,QB,MIA,,False,194.5,adp_ppr,270.12,270.12,15.889411764705883,229.49475687643584,248.65077106803943,269.67189375985976,290.5749682206475,310.8122970477408,62,MARKET_FALLBACK,0.0,no_validated_preseason_spec,{},,,{},21.0,23.0,False,,market fallback: preseason FIE gate/player profile unavailable; scoring gaps: no_validated_preseason_spec
9758,,C.J.,unmatched,QB,HOU,,False,203.1,adp_ppr,247.82,247.82,14.57764705882353,208.82413634026517,226.6232481203104,247.03837785327465,268.3356860855922,287.73470829272696,62,MARKET_FALLBACK,0.0,no_validated_preseason_spec,{},,,{},23.0,24.0,False,,market fallback: preseason FIE gate/player profile unavailable; scoring gaps: no_validated_preseason_spec
9221,,Jahmyr,unmatched,RB,DET,,False,1.1,adp_ppr,331.40000000000003,331.40000000000003,19.494117647058825,299.111564321507,314.65774671577543,331.52495519065195,347.9869789886107,362.77017693119336,62,MARKET_FALLBACK,0.0,no_validated_preseason_spec,{},,,{},1.0,1.0,False,,market fallback: preseason FIE gate/player profile unavailable; scoring gaps: no_validated_preseason_spec
9509,,Bijan,unmatched,RB,ATL,,False,2.9,adp_ppr,324.9,324.9,19.11176470588235,293.3024503631162,308.0787839965463,324.82084754353394,341.4601071700409,356.1812383510767,62,MARKET_FALLBACK,0.0,no_validated_preseason_spec,{},,,{},2.0,2.0,False,,market fallback: preseason FIE gate/player profile unavailable; scoring gaps: no_validated_preseason_spec
4034,,Christian,unmatched,RB,SF,,False,5.4,adp_ppr,291.0,291.0,17.11764705882353,259.46160593676416,274.2158929905291,290.6369531511999,307.1437747929502,322.9074070448721,62,MARKET_FALLBACK,0.0,no_validated_preseason_spec,{},,,{},3.0,3.0,False,,market fallback: preseason FIE gate/player profile unavailable; scoring gaps: no_validated_preseason_spec
6813,,Jonathan,unmatched,RB,IND,,False,7.3,adp_ppr,272.3,272.3,16.01764705882353,240.81466750314385,255.654947591748,272.26665349935024,288.6241506433386,303.9883865211757,62,MARKET_FALLBACK,0.0,no_validated_preseason_spec,{},,,{},4.0,4.0,False,,market fallback: preseason FIE gate/player profile unavailable; scoring gaps: no_validated_preseason_spec
8138,,James,unmatched,RB,BUF,,False,10.4,adp_ppr,260.8,260.8,15.341176470588236,229.40100219776505,243.964735982055,260.4898608800838,277.3129268691674,292.1369214524959,62,MARKET_FALLBACK,0.0,no_validated_preseason_spec,{},,,{},5.0,5.0,False,,market fallback: preseason FIE gate/player profile unavailable; scoring gaps: no_validated_preseason_spec
9226,,De'Von,unmatched,RB,MIA,,False,11.8,adp_ppr,257.4,257.4,15.141176470588237,225.5071695214945,241.07355699671015,257.53735450234365,273.8101786979932,288.1984057702611,62,MARKET_FALLBACK,0.0,no_validated_preseason_spec,{},,,{},6.0,6.0,False,,market fallback: preseason FIE gate/player profile unavailable; scoring gaps: no_validated_preseason_spec
4866,,Saquon,unmatched,RB,PHI,,False,13.7,adp_ppr,246.7,246.7,14.511764705882351,216.17493574936785,230.2423895360963,246.36161156695115,262.8885307406973,277.8231078423379,62,MARKET_FALLBACK,0.0,no_validated_preseason_spec,{},,,{},9.0,7.0,False,,market fallback: preseason FIE gate/player profile unavailable; scoring gaps: no_validated_preseason_spec
12527,,Ashton,unmatched,RB,LV,,False,14.5,adp_ppr,233.9,233.9,13.758823529411766,203.2824649984641,217.2183266513096,233.32479225175268,250.22625345716995,265.1052305860841,62,MARKET_FALLBACK,0.0,no_validated_preseason_spec,{},,,{},12.0,8.0,False,,market fallback: preseason FIE gate/player profile unavailable; scoring gaps: no_validated_preseason_spec
12507,,Omarion,unmatched,RB,LAC,,False,15.2,adp_ppr,242.9,242.9,14.288235294117648,211.7131572229665,226.45641947605364,242.83788756522247,258.9458217742134,273.8185720585326,62,MARKET_FALLBACK,0.0,no_validated_preseason_spec,{},,,{},11.0,9.0,False,,market fallback: preseason FIE gate/player profile unavailable; scoring gaps: no_validated_preseason_spec
9224,,Chase,unmatched,RB,CIN,,False,16.7,adp_ppr,255.2,255.2,15.011764705882351,224.4708693582177,238.78552187842143,254.7808223908285,271.5626201986093,286.5182848572599,62,MARKET_FALLBACK,0.0,no_validated_preseason_spec,{},,,{},7.0,10.0,False,,market fallback: preseason FIE gate/player profile unavailable; scoring gaps: no_validated_preseason_spec
8151,,Kenneth,unmatched,RB,KC,,False,19.7,adp_ppr,244.0,244.0,14.352941176470589,212.41614392295972,227.6094774115363,243.7395376447082,260.67457467961964,275.3812593906577,62,MARKET_FALLBACK,0.0,no_validated_preseason_spec,{},,,{},10.0,11.0,False,,market fallback: preseason FIE gate/player profile unavailable; scoring gaps: no_validated_preseason_spec
3198,,Derrick,unmatched,RB,BAL,,False,20.2,adp_ppr,246.9,246.9,14.523529411764704,215.9050669777509,230.4494209986678,246.74536123157836,262.8213425274276,278.22221675463254,62,MARKET_FALLBACK,0.0,no_validated_preseason_spec,{},,,{},8.0,12.0,False,,market fallback: preseason FIE gate/player profile unavailable; scoring gaps: no_validated_preseason_spec
13287,,Jeremiyah,unmatched,RB,ARI,,False,26.7,adp_ppr,211.8,211.8,12.458823529411765,180.90910921113817,194.94235867367144,211.43124847517845,227.91197378595191,243.37136993684632,62,MARKET_FALLBACK,0.0,no_validated_preseason_spec,{},,,{},13.0,13.0,False,,market fallback: preseason FIE gate/player profile unavailable; scoring gaps: no_validated_preseason_spec
8150,,Kyren,unmatched,RB,LAR,,False,29.5,adp_ppr,208.0,208.0,12.235294117647058,177.59725438954032,191.5409445388616,207.4654371826623,223.8976300925005,238.95547029804223,62,MARKET_FALLBACK,0.0,no_validated_preseason_spec,{},,,{},15.0,14.0,False,,market fallback: preseason FIE gate/player profile unavailable; scoring gaps: no_validated_preseason_spec
5850,,Josh,unmatched,RB,GB,,False,31.7,adp_ppr,202.6,202.6,11.917647058823531,172.00991423106703,185.59889824240284,201.8582892592086,219.01462227036365,234.1349369875899,62,MARKET_FALLBACK,0.0,no_validated_preseason_spec,{},,,{},20.0,15.0,False,,market fallback: preseason FIE gate/player profile unavailable; scoring gaps: no_validated_preseason_spec
8155,,Breece,unmatched,RB,NYJ,,False,33.5,adp_ppr,211.0,211.0,12.411764705882351,180.41807192322375,194.6214943200471,210.78220025983148,227.3339467352425,241.95628530564596,62,MARKET_FALLBACK,0.0,no_validated_preseason_spec,{},,,{},14.0,16.0,False,,market fallback: preseason FIE gate/player profile unavailable; scoring gaps: no_validated_preseason_spec
7588,,Javonte,unmatched,RB,DAL,,False,35.8,adp_ppr,207.3,207.3,12.194117647058825,176.90000294381204,190.60920598068995,206.87213483837613,223.20473257036417,238.0818138484859,62,MARKET_FALLBACK,0.0,no_validated_preseason_spec,{},,,{},18.0,17.0,False,,market fallback: preseason FIE gate/player profile unavailable; scoring gaps: no_validated_preseason_spec
11584,,Bucky,unmatched,RB,TB,,False,41.7,adp_ppr,197.3,197.3,11.605882352941178,166.8130296697248,180.68884189977288,196.88851975870617,213.05844378477596,228.1561185033993,62,MARKET_FALLBACK,0.0,no_validated_preseason_spec,{},,,{},22.0,18.0,False,,market fallback: preseason FIE gate/player profile unavailable; scoring gaps: no_validated_preseason_spec
12481,,Cam,unmatched,RB,NYG,,False,43.6,adp_ppr,201.2,201.2,11.835294117647058,171.17826821312818,184.79092258585231,200.7512187621655,217.1676864838849,232.1614633561829,62,MARKET_FALLBACK,0.0,no_validated_preseason_spec,{},,,{},21.0,19.0,False,,market fallback: preseason FIE gate/player profile unavailable; scoring gaps: no_validated_preseason_spec
7543,,Travis,unmatched,RB,NO,,False,44.6,adp_ppr,207.7,207.7,12.217647058823529,176.88012078339167,191.63891490611687,207.2071122179321,223.3958899711401,238.66691749866237,62,MARKET_FALLBACK,0.0,no_validated_preseason_spec,{},,,{},17.0,20.0,False,,market fallback: preseason FIE gate/player profile unavailable; scoring gaps: no_validated_preseason_spec
5892,,David,unmatched,RB,HOU,,False,49.0,adp_ppr,206.1,206.1,12.123529411764707,175.2082302406316,189.6249368796564,205.775673540066,222.17474376241324,237.64897007118344,62,MARKET_FALLBACK,0.0,no_validated_preseason_spec,{},,,{},19.0,21.0,False,,market fallback: preseason FIE gate/player profile unavailable; scoring gaps: no_validated_preseason_spec
12512,,Quinshon,unmatched,RB,CLE,,False,53.0,adp_ppr,196.0,196.0,11.529411764705882,165.88558689770022,179.45408002054054,195.7012603705609,211.89301384133063,226.53765317686177,62,MARKET_FALLBACK,0.0,no_validated_preseason_spec,{},,,{},23.0,22.0,False,,market fallback: preseason FIE gate/player profile unavailable; scoring gaps: no_validated_preseason_spec
12529,,TreVeyon,unmatched,RB,NE,,False,53.5,adp_ppr,171.0,171.0,10.058823529411764,140.9622148705986,154.61572568614028,170.4482594581169,186.52655700379947,201.940813282424,62,MARKET_FALLBACK,0.0,no_validated_preseason_spec,{},,,{},25.0,23.0,False,,market fallback: preseason FIE gate/player profile unavailable; scoring gaps: no_validated_preseason_spec
6790,,D'Andre,unmatched,RB,CHI,,False,55.0,adp_ppr,208.0,208.0,12.235294117647058,176.70322718971937,191.6062847253088,207.21813650121604,223.8794144498114,239.330207234712,62,MARKET_FALLBACK,0.0,no_validated_preseason_spec,{},,,{},15.0,24.0,False,,market fallback: preseason FIE gate/player profile unavailable; scoring gaps: no_validated_preseason_spec
12490,,Bhayshul,unmatched,RB,JAX,,False,62.5,adp_ppr,174.8,174.8,10.282352941176471,144.85882058338655,158.47902300188196,174.2614796090303,190.5962144470768,205.6223188187263,62,MARKET_FALLBACK,0.0,no_validated_preseason_spec,{},,,{},24.0,25.0,False,,market fallback: preseason FIE gate/player profile unavailable; scoring gaps: no_validated_preseason_spec
13286,,Jadarian,unmatched,RB,SEA,,False,67.9,adp_ppr,170.0,170.0,10.0,140.8275923462084,153.76931540946464,169.3204775602886,185.6537139883497,200.5865836148579,62,MARKET_FALLBACK,0.0,no_validated_preseason_spec,{},,,{},27.0,26.0,False,,market fallback: preseason FIE gate/player profile unavailable; scoring gaps: no_validated_preseason_spec
8228,,Jaylen,unmatched,RB,PIT,,False,71.9,adp_ppr,170.60000000000002,170.60000000000002,10.03529411764706,140.47764976302895,154.6951069163021,170.21917278604388,186.10715020706647,200.4979733765048,62,MARKET_FALLBACK,0.0,no_validated_preseason_spec,{},,,{},26.0,27.0,False,,market fallback: preseason FIE gate/player profile unavailable; scoring gaps: no_validated_preseason_spec
7594,,Chuba,unmatched,RB,CAR,,False,77.0,adp_ppr,147.9,147.9,8.700000000000001,118.56580310094589,131.76582930202431,146.90456559546075,163.17330856242876,178.04600684485845,62,MARKET_FALLBACK,0.0,no_validated_preseason_spec,{},,,{},36.0,28.0,False,,market fallback: preseason FIE gate/player profile unavailable; scoring gaps: no_validated_preseason_spec
12489,,RJ,unmatched,RB,DEN,,False,79.5,adp_ppr,144.1,144.1,8.476470588235294,115.22548479842249,128.20318497139274,143.41170993508487,158.88926585766686,173.64208941148473,62,MARKET_FALLBACK,0.0,no_validated_preseason_spec,{},,,{},37.0,29.0,False,,market fallback: preseason FIE gate/player profile unavailable; scoring gaps: no_validated_preseason_spec
7611,,Rhamondre,unmatched,RB,NE,,False,81.6,adp_ppr,169.0,169.0,9.941176470588236,139.2084544424627,153.07350934462167,168.40860177563795,184.57782333890904,199.39716166427783,62,MARKET_FALLBACK,0.0,no_validated_preseason_spec,{},,,{},28.0,30.0,False,,market fallback: preseason FIE gate/player profile unavailable; scoring gaps: no_validated_preseason_spec
5967,,Tony,unmatched,RB,TEN,,False,83.7,adp_ppr,160.10000000000002,160.10000000000002,9.417647058823531,130.71073257085536,143.89480639277363,159.66026171895103,175.55678775695566,190.4051463504658,62,MARKET_FALLBACK,0.0,no_validated_preseason_spec,{},,,{},31.0,31.0,False,,market fallback: preseason FIE gate/player profile unavailable; scoring gaps: no_validated_preseason_spec
7021,,Rico,unmatched,RB,PIT,,False,85.0,adp_ppr,161.1,161.1,9.476470588235294,131.28608440976805,145.0338019406956,160.272204303018,176.6124469094403,191.4148247643105,62,MARKET_FALLBACK,0.0,no_validated_preseason_spec,{},,,{},29.0,32.0,False,,market fallback: preseason FIE gate/player profile unavailable; scoring gaps: no_validated_preseason_spec
6806,,J.K.,unmatched,RB,DEN,,False,94.9,adp_ppr,160.2,160.2,9.423529411764704,130.6212960050409,144.09515892987852,159.79972527060022,175.8757649335178,189.6460637851164,62,MARKET_FALLBACK,0.0,no_validated_preseason_spec,{},,,{},30.0,33.0,False,,market fallback: preseason FIE gate/player profile unavailable; scoring gaps: no_validated_preseason_spec
12534,,Kyle,unmatched,RB,CHI,,False,99.8,adp_ppr,154.60000000000002,154.60000000000002,9.094117647058823,125.29339738121548,138.43227923121552,153.76738469137624,169.63660431108715,185.1692021048685,62,MARKET_FALLBACK,0.0,no_validated_preseason_spec,{},,,{},33.0,34.0,False,,market fallback: preseason FIE gate/player profile unavailable; scoring gaps: no_validated_preseason_spec
11586,,Blake,unmatched,RB,LAR,,False,103.8,adp_ppr,135.3,135.3,7.958823529411766,106.5725655235232,119.75608369916972,134.7741522665633,149.89930895306932,164.25927539094656,62,MARKET_FALLBACK,0.0,no_validated_preseason_spec,{},,,{},39.0,35.0,False,,market fallback: preseason FIE gate/player profile unavailable; scoring gaps: no_validated_preseason_spec
11583,,Jonathon,unmatched,RB,CAR,,False,106.1,adp_ppr,154.9,154.9,9.111764705882353,126.46024068234016,138.9933316980418,154.30267875919674,169.89324528616686,184.06533013079044,62,MARKET_FALLBACK,0.0,no_validated_preseason_spec,{},,,{},32.0,36.0,False,,market fallback: preseason FIE gate/player profile unavailable; scoring gaps: no_validated_preseason_spec
7564,,Ja'Marr,unmatched,WR,CIN,,False,3.1,adp_ppr,311.1,311.1,18.3,279.2748972626608,294.1701323625976,310.6334532252628,327.59366792505944,343.451666991769,62,MARKET_FALLBACK,0.0,no_validated_preseason_spec,{},,,{},2.0,1.0,False,,market fallback: preseason FIE gate/player profile unavailable; scoring gaps: no_validated_preseason_spec
9493,,Puka,unmatched,WR,LAR,,False,4.4,adp_ppr,312.5,312.5,18.38235294117647,280.02039593220246,295.317476212519,312.46649870729544,329.502237127224,344.65456156256687,62,MARKET_FALLBACK,0.0,no_validated_preseason_spec,{},,,{},1.0,2.0,False,,market fallback: preseason FIE gate/player profile unavailable; scoring gaps: no_validated_preseason_spec
9488,,Jaxon,unmatched,WR,SEA,,False,5.2,adp_ppr,284.6,284.6,16.741176470588236,253.2735614615898,267.6779582756038,284.3918452391411,300.91379099497004,316.5743245932724,62,MARKET_FALLBACK,0.0,no_validated_preseason_spec,{},,,{},3.0,3.0,False,,market fallback: preseason FIE gate/player profile unavailable; scoring gaps: no_validated_preseason_spec
7547,,Amon-Ra,unmatched,WR,DET,,False,8.0,adp_ppr,280.5,280.5,16.5,248.645550217416,263.4229468433443,280.1306083685564,297.0710029914565,313.1082151332817,62,MARKET_FALLBACK,0.0,no_validated_preseason_spec,{},,,{},4.0,4.0,False,,market fallback: preseason FIE gate/player profile unavailable; scoring gaps: no_validated_preseason_spec
6786,,CeeDee,unmatched,WR,DAL,,False,9.5,adp_ppr,270.5,270.5,15.911764705882351,238.9795202343483,253.61191785295333,270.05569719006905,286.95467173012594,302.6468432064637,62,MARKET_FALLBACK,0.0,no_validated_preseason_spec,{},,,{},5.0,5.0,False,,market fallback: preseason FIE gate/player profile unavailable; scoring gaps: no_validated_preseason_spec
6794,,Justin,unmatched,WR,MIN,,False,11.5,adp_ppr,250.4,250.4,14.729411764705883,218.79187267680743,233.4757989958406,250.36865899339568,266.8574302696343,281.8196568521786,62,MARKET_FALLBACK,0.0,no_validated_preseason_spec,{},,,{},7.0,6.0,False,,market fallback: preseason FIE gate/player profile unavailable; scoring gaps: no_validated_preseason_spec
8112,,Drake,unmatched,WR,ATL,,False,17.1,adp_ppr,250.2,250.2,14.71764705882353,219.3084092194494,233.4788137873784,249.56845179663836,266.720229556327,281.6237665352294,62,MARKET_FALLBACK,0.0,no_validated_preseason_spec,{},,,{},8.0,7.0,False,,market fallback: preseason FIE gate/player profile unavailable; scoring gaps: no_validated_preseason_spec
5859,,A.J.,unmatched,WR,NE,,False,17.9,adp_ppr,247.2,247.2,14.541176470588235,216.4450170726812,230.45558834465905,246.6681320825398,263.57924894296127,278.6064026752375,62,MARKET_FALLBACK,0.0,no_validated_preseason_spec,{},,,{},9.0,8.0,False,,market fallback: preseason FIE gate/player profile unavailable; scoring gaps: no_validated_preseason_spec
8137,,George,unmatched,WR,DAL,,False,23.1,adp_ppr,245.7,245.7,14.452941176470588,214.6500483669212,228.86922951216076,245.46366260590585,262.3885892594592,277.34389036922926,62,MARKET_FALLBACK,0.0,no_validated_preseason_spec,{},,,{},10.0,9.0,False,,market fallback: preseason FIE gate/player profile unavailable; scoring gaps: no_validated_preseason_spec
7569,,Nico,unmatched,WR,HOU,,False,25.3,adp_ppr,262.0,262.0,15.411764705882351,229.76855651965425,245.62193711497284,261.788425481427,278.5511459997668,293.748939293134,62,MARKET_FALLBACK,0.0,no_validated_preseason_spec,{},,,{},6.0,10.0,False,,market fallback: preseason FIE gate/player profile unavailable; scoring gaps: no_validated_preseason_spec
11632,,Malik,unmatched,WR,NYG,,False,27.6,adp_ppr,236.7,236.7,13.923529411764704,205.8274179257369,220.17516543045969,236.32967050913317,252.4525308244547,268.32588053421387,62,MARKET_FALLBACK,0.0,no_validated_preseason_spec,{},,,{},11.0,11.0,False,,market fallback: preseason FIE gate/player profile unavailable; scoring gaps: no_validated_preseason_spec
10229,,Rashee,unmatched,WR,KC,,False,28.7,adp_ppr,229.3,229.3,13.488235294117649,197.696942218401,212.4127683307601,229.10752850024747,245.59453460800717,260.7033022597102,62,MARKET_FALLBACK,0.0,no_validated_preseason_spec,{},,,{},13.0,12.0,False,,market fallback: preseason FIE gate/player profile unavailable; scoring gaps: no_validated_preseason_spec
8144,,Chris,unmatched,WR,NO,,False,29.9,adp_ppr,235.9,235.9,13.876470588235296,204.59476240732485,218.9535496161768,235.8240022320203,252.2512148851755,267.79181607365416,62,MARKET_FALLBACK,0.0,no_validated_preseason_spec,{},,,{},12.0,13.0,False,,market fallback: preseason FIE gate/player profile unavailable; scoring gaps: no_validated_preseason_spec
6801,,Tee,unmatched,WR,CIN,,False,34.4,adp_ppr,224.4,224.4,13.2,193.19564470302737,207.50881456018163,224.1546014817944,240.52746779700936,256.25249080893934,62,MARKET_FALLBACK,0.0,no_validated_preseason_spec,{},,,{},18.0,14.0,False,,market fallback: preseason FIE gate/player profile unavailable; scoring gaps: no_validated_preseason_spec
7525,,DeVonta,unmatched,WR,PHI,,False,35.2,adp_ppr,229.2,229.2,13.482352941176472,198.1797388709447,212.3099128557647,228.8680564468287,245.3411930259238,261.3086865521788,62,MARKET_FALLBACK,0.0,no_validated_preseason_spec,{},,,{},14.0,15.0,False,,market fallback: preseason FIE gate/player profile unavailable; scoring gaps: no_validated_preseason_spec
12526,,Tetairoa,unmatched,WR,CAR,,False,37.0,adp_ppr,223.0,223.0,13.117647058823527,192.05939755980685,206.5272846339543,222.5360299917912,239.0615929197129,253.7553749213172,62,MARKET_FALLBACK,0.0,no_validated_preseason_spec,{},,,{},20.0,16.0,False,,market fallback: preseason FIE gate/player profile unavailable; scoring gaps: no_validated_preseason_spec
11635,,Ladd,unmatched,WR,LAC,,False,38.4,adp_ppr,228.2,228.2,13.423529411764704,197.4327205630852,211.7545727657933,227.74060135743616,244.5300769879944,259.7454518541365,62,MARKET_FALLBACK,0.0,no_validated_preseason_spec,{},,,{},16.0,17.0,False,,market fallback: preseason FIE gate/player profile unavailable; scoring gaps: no_validated_preseason_spec
12514,,Emeka,unmatched,WR,TB,,False,39.8,adp_ppr,224.0,224.0,13.176470588235292,192.8013777797961,207.35170121797543,223.72110397911356,240.1602290609033,255.3571945634823,62,MARKET_FALLBACK,0.0,no_validated_preseason_spec,{},,,{},19.0,18.0,False,,market fallback: preseason FIE gate/player profile unavailable; scoring gaps: no_validated_preseason_spec
9997,,Zay,unmatched,WR,BAL,,False,41.1,adp_ppr,228.2,228.2,13.423529411764706,196.4721205518384,211.2381895737132,228.15917831988625,244.5766502959347,259.68021671903915,62,MARKET_FALLBACK,0.0,no_validated_preseason_spec,{},,,{},15.0,19.0,False,,market fallback: preseason FIE gate/player profile unavailable; scoring gaps: no_validated_preseason_spec
8146,,Garrett,unmatched,WR,NYJ,,False,45.9,adp_ppr,224.9,224.9,13.229411764705883,194.0549740366424,208.3199921072358,224.41356265808807,241.0183404821018,256.2438180332333,62,MARKET_FALLBACK,0.0,no_validated_preseason_spec,{},,,{},17.0,20.0,False,,market fallback: preseason FIE gate/player profile unavailable; scoring gaps: no_validated_preseason_spec
7526,,Jaylen,unmatched,WR,DEN,,False,46.6,adp_ppr,221.0,221.0,13.0,189.96278563547972,204.20085868620336,220.79412379581265,237.3129125728889,252.13812651049736,62,MARKET_FALLBACK,0.0,no_validated_preseason_spec,{},,,{},22.0,21.0,False,,market fallback: preseason FIE gate/player profile unavailable; scoring gaps: no_validated_preseason_spec
2133,,Davante,unmatched,WR,LAR,,False,50.2,adp_ppr,192.5,192.5,11.323529411764708,161.39050168234883,175.5718007174692,192.1550414918601,208.45930573820635,223.94948636678745,62,MARKET_FALLBACK,0.0,no_validated_preseason_spec,{},,,{},31.0,22.0,False,,market fallback: preseason FIE gate/player profile unavailable; scoring gaps: no_validated_preseason_spec
12519,,Luther,unmatched,WR,CHI,,False,52.4,adp_ppr,209.0,209.0,12.294117647058824,178.49141360582087,192.72308225315243,208.33351432994328,224.89981518437065,240.33171688174608,62,MARKET_FALLBACK,0.0,no_validated_preseason_spec,{},,,{},25.0,23.0,False,,market fallback: preseason FIE gate/player profile unavailable; scoring gaps: no_validated_preseason_spec
5927,,Terry,unmatched,WR,WAS,,False,56.1,adp_ppr,213.8,213.8,12.576470588235296,182.6193565193585,197.3633761734841,213.12124521053357,230.23023556672013,245.21409280963388,62,MARKET_FALLBACK,0.0,no_validated_preseason_spec,{},,,{},23.0,24.0,False,,market fallback: preseason FIE gate/player profile unavailable; scoring gaps: no_validated_preseason_spec
4983,,DJ,unmatched,WR,BUF,,False,57.9,adp_ppr,179.00000000000003,179.00000000000003,10.529411764705884,149.2607181439276,162.65987234009623,178.47611943242606,194.369904900798,209.83346937502165,62,MARKET_FALLBACK,0.0,no_validated_preseason_spec,{},,,{},34.0,25.0,False,,market fallback: preseason FIE gate/player profile unavailable; scoring gaps: no_validated_preseason_spec
8148,,Jameson,unmatched,WR,DET,,False,58.3,adp_ppr,206.2,206.2,12.129411764705884,175.04448134001595,189.32016678919663,205.6376029955519,222.65155774986215,237.7140523518611,62,MARKET_FALLBACK,0.0,no_validated_preseason_spec,{},,,{},28.0,26.0,False,,market fallback: preseason FIE gate/player profile unavailable; scoring gaps: no_validated_preseason_spec
2216,,Mike,unmatched,WR,SF,,False,61.0,adp_ppr,222.2,222.2,13.070588235294116,190.96577539239468,205.3898832322808,221.7102258147488,238.66040081869383,253.44616760140983,62,MARKET_FALLBACK,0.0,no_validated_preseason_spec,{},,,{},21.0,27.0,False,,market fallback: preseason FIE gate/player profile unavailable; scoring gaps: no_validated_preseason_spec
11620,,Rome,unmatched,WR,CHI,,False,65.0,adp_ppr,207.9,207.9,12.229411764705883,177.07668736365795,191.4271677287341,207.17249940191425,224.367741525308,239.3243231017049,62,MARKET_FALLBACK,0.0,no_validated_preseason_spec,{},,,{},26.0,28.0,False,,market fallback: preseason FIE gate/player profile unavailable; scoring gaps: no_validated_preseason_spec
13279,,Carnell,unmatched,WR,TEN,,False,65.9,adp_ppr,177.3,177.3,10.429411764705884,147.2862523446238,160.63873911257872,176.91056460991206,193.23806654275023,208.37079747202145,62,MARKET_FALLBACK,0.0,no_validated_preseason_spec,{},,,{},36.0,29.0,False,,market fallback: preseason FIE gate/player profile unavailable; scoring gaps: no_validated_preseason_spec
8167,,Christian,unmatched,WR,GB,,False,70.3,adp_ppr,207.6,207.6,12.211764705882352,176.41735250735113,190.94710723022447,207.1183449109908,223.5724560682864,239.3909180807351,62,MARKET_FALLBACK,0.0,no_validated_preseason_spec,{},,,{},27.0,30.0,False,,market fallback: preseason FIE gate/player profile unavailable; scoring gaps: no_validated_preseason_spec
11631,,Brian,unmatched,WR,JAX,,False,73.1,adp_ppr,195.4,195.4,11.494117647058822,165.02677225768085,179.04357371969087,195.3182990303725,211.2774460276692,225.9587325211019,62,MARKET_FALLBACK,0.0,no_validated_preseason_spec,{},,,{},30.0,31.0,False,,market fallback: preseason FIE gate/player profile unavailable; scoring gaps: no_validated_preseason_spec
5846,,DK,unmatched,WR,PIT,,False,74.7,adp_ppr,183.3,183.3,10.782352941176471,153.116808951878,166.7333867268294,182.6592144893125,199.338002402257,214.475982551698,62,MARKET_FALLBACK,0.0,no_validated_preseason_spec,{},,,{},33.0,32.0,False,,market fallback: preseason FIE gate/player profile unavailable; scoring gaps: no_validated_preseason_spec
11628,,Marvin,unmatched,WR,ARI,,False,75.8,adp_ppr,186.2,186.2,10.952941176470588,155.58579508702783,170.12708689725446,185.7971389853956,202.0208095548152,216.8637402353438,62,MARKET_FALLBACK,0.0,no_validated_preseason_spec,{},,,{},32.0,33.0,False,,market fallback: preseason FIE gate/player profile unavailable; scoring gaps: no_validated_preseason_spec
9487,,Parker,unmatched,WR,JAX,,False,76.0,adp_ppr,212.40000000000003,212.40000000000003,12.494117647058824,181.65519009684496,195.9155269922512,211.88817944906012,228.6605918790676,243.68493911308585,62,MARKET_FALLBACK,0.0,no_validated_preseason_spec,{},,,{},24.0,34.0,False,,market fallback: preseason FIE gate/player profile unavailable; scoring gaps: no_validated_preseason_spec
5045,,Courtland,unmatched,WR,DEN,,False,80.9,adp_ppr,174.3,174.3,10.25294117647059,144.6229634392829,158.2331927231809,173.79145929990787,189.7219949478876,204.37281704154236,62,MARKET_FALLBACK,0.0,no_validated_preseason_spec,{},,,{},37.0,35.0,False,,market fallback: preseason FIE gate/player profile unavailable; scoring gaps: no_validated_preseason_spec
10232,,Michael,unmatched,WR,ARI,,False,83.0,adp_ppr,166.0,166.0,9.764705882352942,135.80881308852187,149.55164821773997,165.4032460388347,181.79460552009323,196.2670011579849,62,MARKET_FALLBACK,0.0,no_validated_preseason_spec,{},,,{},47.0,36.0,False,,market fallback: preseason FIE gate/player profile unavailable; scoring gaps: no_validated_preseason_spec
8130,,Trey,unmatched,TE,ARI,,False,22.4,adp_ppr,234.9,234.9,13.81764705882353,209.0417783684753,221.39227315592407,234.47603056233575,248.4433483409404,261.1729531056439,62,MARKET_FALLBACK,0.0,no_validated_preseason_spec,{},,,{},2.0,1.0,False,,market fallback: preseason FIE gate/player profile unavailable; scoring gaps: no_validated_preseason_spec
11604,,Brock,unmatched,TE,LV,,False,23.3,adp_ppr,253.5,253.5,14.911764705882351,228.35655467683523,240.09548614637572,253.2529571363491,266.8691460263706,279.10565898966735,62,MARKET_FALLBACK,0.0,no_validated_preseason_spec,{},,,{},1.0,2.0,False,,market fallback: preseason FIE gate/player profile unavailable; scoring gaps: no_validated_preseason_spec
12517,,Colston,unmatched,TE,CHI,,False,40.8,adp_ppr,215.4,215.4,12.67058823529412,190.27255880028352,202.10319108170805,215.1264804954309,228.4799326366337,240.6787054921702,62,MARKET_FALLBACK,0.0,no_validated_preseason_spec,{},,,{},3.0,3.0,False,,market fallback: preseason FIE gate/player profile unavailable; scoring gaps: no_validated_preseason_spec
12518,,Tyler,unmatched,TE,IND,,False,47.5,adp_ppr,201.1,201.1,11.82941176470588,176.15576198644646,187.76067556376336,200.84754028623652,214.15902542316013,226.4318835118888,62,MARKET_FALLBACK,0.0,no_validated_preseason_spec,{},,,{},4.0,4.0,False,,market fallback: preseason FIE gate/player profile unavailable; scoring gaps: no_validated_preseason_spec
10859,,Sam,unmatched,TE,DET,,False,59.6,adp_ppr,196.5,196.5,11.558823529411764,171.49178146721658,183.3619945109714,196.30849918920129,209.32123541727927,221.7467881254463,62,MARKET_FALLBACK,0.0,no_validated_preseason_spec,{},,,{},5.0,5.0,False,,market fallback: preseason FIE gate/player profile unavailable; scoring gaps: no_validated_preseason_spec
9484,,Tucker,unmatched,TE,GB,,False,63.4,adp_ppr,174.4,174.4,10.258823529411766,149.3563003195955,161.0145724794166,174.0272354679177,187.2606680626371,199.79487537025489,62,MARKET_FALLBACK,0.0,no_validated_preseason_spec,{},,,{},7.0,6.0,False,,market fallback: preseason FIE gate/player profile unavailable; scoring gaps: no_validated_preseason_spec
12506,,Harold,unmatched,TE,CLE,,False,68.5,adp_ppr,180.4,180.4,10.611764705882353,155.38783151078417,167.13247920729455,180.0951076593159,193.26570300776476,205.1658619848114,62,MARKET_FALLBACK,0.0,no_validated_preseason_spec,{},,,{},6.0,7.0,False,,market fallback: preseason FIE gate/player profile unavailable; scoring gaps: no_validated_preseason_spec
7553,,Kyle,unmatched,TE,ATL,,False,69.8,adp_ppr,171.60000000000002,171.60000000000002,10.094117647058823,146.80706848248525,158.6517778039814,171.578340742952,184.32682763700737,196.4550886434056,62,MARKET_FALLBACK,0.0,no_validated_preseason_spec,{},,,{},8.0,8.0,False,,market fallback: preseason FIE gate/player profile unavailable; scoring gaps: no_validated_preseason_spec
10236,,Dalton,unmatched,TE,BUF,,False,87.4,adp_ppr,163.60000000000002,163.60000000000002,9.623529411764707,138.94804905437832,150.49739785438717,163.34130119152536,176.37691858515194,188.39025423864973,62,MARKET_FALLBACK,0.0,no_validated_preseason_spec,{},,,{},11.0,9.0,False,,market fallback: preseason FIE gate/player profile unavailable; scoring gaps: no_validated_preseason_spec
4217,,George,unmatched,TE,SF,,False,89.4,adp_ppr,169.3,169.3,9.958823529411765,144.64232538260015,156.02075901332194,169.06034884639118,182.3784808390352,194.15226620975088,62,MARKET_FALLBACK,0.0,no_validated_preseason_spec,{},,,{},10.0,10.0,False,,market fallback: preseason FIE gate/player profile unavailable; scoring gaps: no_validated_preseason_spec
1466,,Travis,unmatched,TE,KC,,False,92.7,adp_ppr,171.4,171.4,10.08235294117647,146.5431009515934,158.1705029876018,171.3115558224986,184.5992411639802,196.33829887303585,62,MARKET_FALLBACK,0.0,no_validated_preseason_spec,{},,,{},9.0,11.0,False,,market fallback: preseason FIE gate/player profile unavailable; scoring gaps: no_validated_preseason_spec
8110,,Jake,unmatched,TE,DAL,,False,98.5,adp_ppr,159.8,159.8,9.4,134.83212280075358,146.47389330606066,159.5805998298855,172.91235072716066,184.96004889200697,62,MARKET_FALLBACK,0.0,no_validated_preseason_spec,{},,,{},14.0,12.0,False,,market fallback: preseason FIE gate/player profile unavailable; scoring gaps: no_validated_preseason_spec
8131,,Isaiah,unmatched,TE,NYG,,False,109.5,adp_ppr,157.3,157.3,9.25294117647059,132.89820472600428,144.2969194467402,156.89498736986582,169.63095948284814,181.73281786098832,62,MARKET_FALLBACK,0.0,no_validated_preseason_spec,{},,,{},15.0,13.0,False,,market fallback: preseason FIE gate/player profile unavailable; scoring gaps: no_validated_preseason_spec
5022,,Dallas,unmatched,TE,PHI,,False,123.1,adp_ppr,136.0,136.0,8.0,111.85998971802088,122.9225330060687,135.7648955057676,148.53359736008267,160.53512765383408,62,MARKET_FALLBACK,0.0,no_validated_preseason_spec,{},,,{},23.0,14.0,False,,market fallback: preseason FIE gate/player profile unavailable; scoring gaps: no_validated_preseason_spec
12493,,Oronde,unmatched,TE,LAC,,False,128.7,adp_ppr,141.8,141.8,8.341176470588236,117.65076833324552,128.9015131427661,141.66016803187478,154.42632666337232,166.29909914593756,62,MARKET_FALLBACK,0.0,no_validated_preseason_spec,{},,,{},21.0,15.0,False,,market fallback: preseason FIE gate/player profile unavailable; scoring gaps: no_validated_preseason_spec
5012,,Mark,unmatched,TE,BAL,,False,129.0,adp_ppr,162.5,162.5,9.558823529411764,137.54073833486964,149.32646488820978,162.07693908345894,175.45123518987603,187.8848034193217,62,MARKET_FALLBACK,0.0,no_validated_preseason_spec,{},,,{},12.0,16.0,False,,market fallback: preseason FIE gate/player profile unavailable; scoring gaps: no_validated_preseason_spec
3214,,Hunter,unmatched,TE,NE,,False,139.4,adp_ppr,153.5,153.5,9.029411764705882,128.90708631527744,140.4612455371207,153.0185958951881,166.27700918965408,178.60083300059003,62,MARKET_FALLBACK,0.0,no_validated_preseason_spec,{},,,{},17.0,17.0,False,,market fallback: preseason FIE gate/player profile unavailable; scoring gaps: no_validated_preseason_spec
9480,,Brenton,unmatched,TE,JAX,,False,152.1,adp_ppr,161.0,161.0,9.470588235294118,136.16255860177017,147.4681569215669,160.9073151632433,174.0867048178244,185.8392522747788,62,MARKET_FALLBACK,0.0,no_validated_preseason_spec,{},,,{},13.0,18.0,False,,market fallback: preseason FIE gate/player profile unavailable; scoring gaps: no_validated_preseason_spec
13330,,Kenyon,unmatched,TE,NYJ,,False,153.4,adp_ppr,100.2,100.2,5.894117647058824,77.67174737275076,87.97675396757256,99.5986235997652,112.10448338572722,123.36376100139644,62,MARKET_FALLBACK,0.0,no_validated_preseason_spec,{},,,{},31.0,19.0,False,,market fallback: preseason FIE gate/player profile unavailable; scoring gaps: no_validated_preseason_spec
5844,,T.J.,unmatched,TE,MIN,,False,164.0,adp_ppr,155.0,155.0,9.117647058823527,130.5702481646872,142.08985136323884,154.68275028643882,167.74377789813786,179.7933705650786,62,MARKET_FALLBACK,0.0,no_validated_preseason_spec,{},,,{},16.0,20.0,False,,market fallback: preseason FIE gate/player profile unavailable; scoring gaps: no_validated_preseason_spec
11603,,AJ,unmatched,TE,SEA,,False,183.1,adp_ppr,142.4,142.4,8.376470588235295,118.4348556389103,129.1898980719722,142.3785582838576,155.10919787758473,167.0759391463717,62,MARKET_FALLBACK,0.0,no_validated_preseason_spec,{},,,{},20.0,21.0,False,,market fallback: preseason FIE gate/player profile unavailable; scoring gaps: no_validated_preseason_spec
8210,,Chig,unmatched,TE,WAS,,False,185.5,adp_ppr,144.1,144.1,8.476470588235294,120.34327164802518,131.1895972921763,143.86304641705317,156.4214127411912,168.36674275484708,62,MARKET_FALLBACK,0.0,no_validated_preseason_spec,{},,,{},19.0,22.0,False,,market fallback: preseason FIE gate/player profile unavailable; scoring gaps: no_validated_preseason_spec
7002,,Juwan,unmatched,TE,NO,,False,187.1,adp_ppr,140.9,140.9,8.288235294117648,116.63453654650512,128.25762594976052,140.47584386162058,153.44289908019385,165.53595012288926,62,MARKET_FALLBACK,0.0,no_validated_preseason_spec,{},,,{},22.0,23.0,False,,market fallback: preseason FIE gate/player profile unavailable; scoring gaps: no_validated_preseason_spec
5001,,Dalton,unmatched,TE,HOU,,False,191.0,adp_ppr,150.9,150.9,8.876470588235295,126.64703682544348,137.9494735429892,150.61361782317954,163.25714716722675,175.2530919949133,62,MARKET_FALLBACK,0.0,no_validated_preseason_spec,{},,,{},18.0,24.0,False,,market fallback: preseason FIE gate/player profile unavailable; scoring gaps: no_validated_preseason_spec
